date,spot_close
2010-01-01,93.04
2010-01-04,92.51
2010-01-05,91.72
2010-01-06,92.32
2010-01-07,93.37
2010-01-08,92.66
2010-01-11,92.09
2010-01-12,90.98
2010-01-13,91.37
2010-01-14,91.21
2010-01-15,90.77
2010-01-18,90.79
2010-01-19,91.15
2010-01-20,91.24
2010-01-21,90.43
2010-01-22,89.82
2010-01-25,90.28
2010-01-26,89.65
2010-01-27,90.01
2010-01-28,89.92
2010-01-29,90.27
2010-02-01,90.61
2010-02-02,90.38
2010-02-03,90.98
2010-02-04,89.06
2010-02-05,89.25
2010-02-08,89.26
2010-02-09,89.7
2010-02-10,89.94
2010-02-11,89.77
2010-02-12,89.96
2010-02-15,90.02
2010-02-16,90.14
2010-02-17,91.26
2010-02-18,91.81
2010-02-19,91.52
2010-02-22,91.14
2010-02-23,90.22
2010-02-24,90.15
2010-02-25,89.08
2010-02-26,88.97
2010-03-01,89.13
2010-03-02,88.85
2010-03-03,88.47
2010-03-04,89.02
2010-03-05,90.28
2010-03-08,90.31
2010-03-09,89.97
2010-03-10,90.52
2010-03-11,90.51
2010-03-12,90.56
2010-03-15,90.53
2010-03-16,90.31
2010-03-17,90.31
2010-03-18,90.39
2010-03-19,90.55
2010-03-22,90.14
2010-03-23,90.4
2010-03-24,92.3
2010-03-25,92.73
2010-03-26,92.52
2010-03-29,92.46
2010-03-30,92.77
2010-03-31,93.47
2010-04-01,93.82
2010-04-02,94.61
2010-04-05,94.37
2010-04-06,93.79
2010-04-07,93.36
2010-04-08,93.38
2010-04-09,93.18
2010-04-12,93.24
2010-04-13,93.2
2010-04-14,93.23
2010-04-15,93.03
2010-04-16,92.17
2010-04-19,92.4
2010-04-20,93.22
2010-04-21,93.19
2010-04-22,93.49
2010-04-23,93.97
2010-04-26,93.96
2010-04-27,93.27
2010-04-28,94.03
2010-04-29,94.03
2010-04-30,93.85
2010-05-03,94.54
2010-05-04,94.54
2010-05-05,93.81
2010-05-06,90.58
2010-05-07,91.59
2010-05-10,93.3
2010-05-11,92.65
2010-05-12,93.24
2010-05-13,92.75
2010-05-14,92.47
2010-05-17,92.59
2010-05-18,92.23
2010-05-19,91.71
2010-05-20,89.69
2010-05-21,90.0
2010-05-24,90.29
2010-05-25,90.23
2010-05-26,89.92
2010-05-27,91.04
2010-05-28,91.06
2010-05-31,91.27
2010-06-01,90.95
2010-06-02,92.13
2010-06-03,92.71
2010-06-04,91.9
2010-06-07,91.37
2010-06-08,91.46
2010-06-09,91.3
2010-06-10,91.34
2010-06-11,91.65
2010-06-14,91.58
2010-06-15,91.46
2010-06-16,91.44
2010-06-17,91.01
2010-06-18,90.71
2010-06-21,91.11
2010-06-22,90.57
2010-06-23,89.82
2010-06-24,89.61
2010-06-25,89.23
2010-06-28,89.37
2010-06-29,88.6
2010-06-30,88.43
2010-07-01,87.6
2010-07-02,87.75
2010-07-05,87.77
2010-07-06,87.52
2010-07-07,87.7
2010-07-08,88.36
2010-07-09,88.62
2010-07-12,88.62
2010-07-13,88.74
2010-07-14,88.41
2010-07-15,87.4
2010-07-16,86.57
2010-07-19,86.69
2010-07-20,87.51
2010-07-21,87.05
2010-07-22,86.95
2010-07-23,87.46
2010-07-26,86.88
2010-07-27,87.9
2010-07-28,87.47
2010-07-29,86.79
2010-07-30,86.47
2010-08-02,86.5
2010-08-03,85.79
2010-08-04,86.27
2010-08-05,85.82
2010-08-06,85.51
2010-08-09,85.94
2010-08-10,85.44
2010-08-11,85.32
2010-08-12,85.9
2010-08-13,86.2
2010-08-16,85.33
2010-08-17,85.53
2010-08-18,85.46
2010-08-19,85.39
2010-08-20,85.62
2010-08-23,85.16
2010-08-24,83.9
2010-08-25,84.58
2010-08-26,84.45
2010-08-27,85.23
2010-08-30,84.62
2010-08-31,84.2
2010-09-01,84.44
2010-09-02,84.28
2010-09-03,84.31
2010-09-06,84.21
2010-09-07,83.83
2010-09-08,83.88
2010-09-09,83.78
2010-09-10,84.15
2010-09-13,83.71
2010-09-14,83.04
2010-09-15,85.75
2010-09-16,85.78
2010-09-17,85.86
2010-09-20,85.69
2010-09-21,85.09
2010-09-22,84.5
2010-09-23,84.38
2010-09-24,84.21
2010-09-27,84.29
2010-09-28,83.87
2010-09-29,83.7
2010-09-30,83.53
2010-10-01,83.22
2010-10-04,83.36
2010-10-05,83.22
2010-10-06,82.93
2010-10-07,82.41
2010-10-08,81.93
2010-10-11,82.07
2010-10-12,81.72
2010-10-13,81.81
2010-10-14,81.48
2010-10-15,81.45
2010-10-18,81.27
2010-10-19,81.59
2010-10-20,81.09
2010-10-21,81.33
2010-10-22,81.38
2010-10-25,80.81
2010-10-26,81.43
2010-10-27,81.75
2010-10-28,81.03
2010-10-29,80.4
2010-11-01,80.51
2010-11-02,80.63
2010-11-03,81.07
2010-11-04,80.75
2010-11-05,81.26
2010-11-08,81.18
2010-11-09,81.69
2010-11-10,82.28
2010-11-11,82.49
2010-11-12,82.53
2010-11-15,83.07
2010-11-16,83.29
2010-11-17,83.18
2010-11-18,83.52
2010-11-19,83.55
2010-11-22,83.33
2010-11-23,83.16
2010-11-24,83.54
2010-11-25,83.6
2010-11-26,84.1
2010-11-29,84.26
2010-11-30,83.69
2010-12-01,84.19
2010-12-02,83.82
2010-12-03,82.53
2010-12-06,82.66
2010-12-07,83.49
2010-12-08,84.04
2010-12-09,83.76
2010-12-10,83.95
2010-12-13,83.39
2010-12-14,83.66
2010-12-15,84.24
2010-12-16,83.91
2010-12-17,83.98
2010-12-20,83.77
2010-12-21,83.75
2010-12-22,83.57
2010-12-23,82.91
2010-12-24,82.88
2010-12-27,82.81
2010-12-28,82.38
2010-12-29,81.62
2010-12-30,81.53
2010-12-31,81.12
2011-01-03,81.74
2011-01-04,82.04
2011-01-05,83.25
2011-01-06,83.33
2011-01-07,83.15
2011-01-10,82.71
2011-01-11,83.24
2011-01-12,83.0
2011-01-13,82.81
2011-01-14,82.87
2011-01-17,82.68
2011-01-18,82.56
2011-01-19,82.02
2011-01-20,83.01
2011-01-21,82.57
2011-01-24,82.53
2011-01-25,82.25
2011-01-26,82.17
2011-01-27,82.92
2011-01-28,82.12
2011-01-31,82.04
2011-02-01,81.35
2011-02-02,81.55
2011-02-03,81.63
2011-02-04,82.18
2011-02-07,82.33
2011-02-08,82.36
2011-02-09,82.36
2011-02-10,83.23
2011-02-11,83.43
2011-02-14,83.32
2011-02-15,83.77
2011-02-16,83.68
2011-02-17,83.31
2011-02-18,83.18
2011-02-21,83.14
2011-02-22,82.77
2011-02-23,82.51
2011-02-24,81.89
2011-02-25,81.68
2011-02-28,81.78
2011-03-01,81.86
2011-03-02,81.87
2011-03-03,82.45
2011-03-04,82.32
2011-03-07,82.24
2011-03-08,82.67
2011-03-09,82.74
2011-03-10,82.98
2011-03-11,81.84
2011-03-14,81.63
2011-03-15,80.72
2011-03-16,79.59
2011-03-17,78.89
2011-03-18,80.58
2011-03-21,81.03
2011-03-22,80.97
2011-03-23,80.92
2011-03-24,80.97
2011-03-25,81.34
2011-03-28,81.69
2011-03-29,82.48
2011-03-30,82.89
2011-03-31,83.13
2011-04-01,84.06
2011-04-04,84.06
2011-04-05,84.87
2011-04-06,85.49
2011-04-07,84.91
2011-04-08,84.76
2011-04-11,84.6
2011-04-12,83.58
2011-04-13,83.84
2011-04-14,83.5
2011-04-15,83.13
2011-04-18,82.66
2011-04-19,82.59
2011-04-20,82.56
2011-04-21,81.85
2011-04-22,81.88
2011-04-25,81.83
2011-04-26,81.55
2011-04-27,82.16
2011-04-28,81.54
2011-04-29,81.19
2011-05-02,81.23
2011-05-03,80.94
2011-05-04,80.61
2011-05-05,80.07
2011-05-06,80.63
2011-05-09,80.36
2011-05-10,80.88
2011-05-11,81.05
2011-05-12,80.94
2011-05-13,80.8
2011-05-16,80.79
2011-05-17,81.42
2011-05-18,81.68
2011-05-19,81.61
2011-05-20,81.7
2011-05-23,82.01
2011-05-24,81.95
2011-05-25,81.97
2011-05-26,81.29
2011-05-27,80.8
2011-05-30,80.94
2011-05-31,81.52
2011-06-01,80.95
2011-06-02,80.9
2011-06-03,80.34
2011-06-06,80.1
2011-06-07,80.09
2011-06-08,79.89
2011-06-09,80.36
2011-06-10,80.32
2011-06-13,80.24
2011-06-14,80.49
2011-06-15,80.96
2011-06-16,80.63
2011-06-17,80.05
2011-06-20,80.25
2011-06-21,80.21
2011-06-22,80.29
2011-06-23,80.51
2011-06-24,80.43
2011-06-27,80.89
2011-06-28,81.12
2011-06-29,80.78
2011-06-30,80.56
2011-07-01,80.83
2011-07-04,80.8
2011-07-05,81.07
2011-07-06,80.91
2011-07-07,81.25
2011-07-08,80.64
2011-07-11,80.26
2011-07-12,79.24
2011-07-13,78.98
2011-07-14,79.14
2011-07-15,79.13
2011-07-18,79.04
2011-07-19,79.18
2011-07-20,78.78
2011-07-21,78.3
2011-07-22,78.54
2011-07-25,78.29
2011-07-26,77.88
2011-07-27,77.98
2011-07-28,77.67
2011-07-29,76.76
2011-08-01,77.21
2011-08-02,77.15
2011-08-03,77.06
2011-08-04,78.89
2011-08-05,78.4
2011-08-08,77.77
2011-08-09,76.96
2011-08-10,76.86
2011-08-11,76.84
2011-08-12,76.71
2011-08-15,76.83
2011-08-16,76.8
2011-08-17,76.6
2011-08-18,76.58
2011-08-19,76.55
2011-08-22,76.79
2011-08-23,76.66
2011-08-24,76.98
2011-08-25,77.46
2011-08-26,76.64
2011-08-29,76.83
2011-08-30,76.74
2011-08-31,76.66
2011-09-01,76.93
2011-09-02,76.8
2011-09-05,76.89
2011-09-06,77.66
2011-09-07,77.26
2011-09-08,77.51
2011-09-09,77.61
2011-09-12,77.21
2011-09-13,76.96
2011-09-14,76.62
2011-09-15,76.7
2011-09-16,76.79
2011-09-19,76.58
2011-09-20,76.45
2011-09-21,76.46
2011-09-22,76.24
2011-09-23,76.61
2011-09-26,76.36
2011-09-27,76.81
2011-09-28,76.61
2011-09-29,76.83
2011-09-30,77.06
2011-10-03,76.63
2011-10-04,76.81
2011-10-05,76.79
2011-10-06,76.72
2011-10-07,76.73
2011-10-10,76.68
2011-10-11,76.65
2011-10-12,77.26
2011-10-13,76.9
2011-10-14,77.22
2011-10-17,76.83
2011-10-18,76.82
2011-10-19,76.81
2011-10-20,76.8
2011-10-21,76.29
2011-10-24,76.1
2011-10-25,76.09
2011-10-26,76.18
2011-10-27,75.95
2011-10-28,75.82
2011-10-31,78.17
2011-11-01,78.37
2011-11-02,78.05
2011-11-03,78.06
2011-11-04,78.24
2011-11-07,78.05
2011-11-08,77.73
2011-11-09,77.82
2011-11-10,77.65
2011-11-11,77.2
2011-11-14,77.07
2011-11-15,77.03
2011-11-16,77.06
2011-11-17,76.98
2011-11-18,76.91
2011-11-21,76.89
2011-11-22,76.97
2011-11-23,77.31
2011-11-24,77.12
2011-11-25,77.73
2011-11-28,77.98
2011-11-29,77.93
2011-11-30,77.62
2011-12-01,77.7
2011-12-02,77.99
2011-12-05,77.82
2011-12-06,77.73
2011-12-07,77.68
2011-12-08,77.64
2011-12-09,77.65
2011-12-12,77.94
2011-12-13,78.0
2011-12-14,78.07
2011-12-15,77.86
2011-12-16,77.76
2011-12-19,78.05
2011-12-20,77.89
2011-12-21,78.06
2011-12-22,78.17
2011-12-23,78.09
2011-12-26,77.98
2011-12-27,77.88
2011-12-28,77.94
2011-12-29,77.64
2011-12-30,76.91
2012-01-02,76.9
2012-01-03,76.74
2012-01-04,76.72
2012-01-05,77.12
2012-01-06,76.97
2012-01-09,76.86
2012-01-10,76.85
2012-01-11,76.85
2012-01-12,76.76
2012-01-13,76.97
2012-01-16,76.78
2012-01-17,76.83
2012-01-18,76.82
2012-01-19,77.11
2012-01-20,77.01
2012-01-23,77.02
2012-01-24,77.67
2012-01-25,77.78
2012-01-26,77.45
2012-01-27,76.7
2012-01-30,76.35
2012-01-31,76.27
2012-02-01,76.2
2012-02-02,76.22
2012-02-03,76.6
2012-02-06,76.55
2012-02-07,76.76
2012-02-08,77.04
2012-02-09,77.67
2012-02-10,77.61
2012-02-13,77.57
2012-02-14,78.44
2012-02-15,78.43
2012-02-16,78.94
2012-02-17,79.55
2012-02-20,79.63
2012-02-21,79.74
2012-02-22,80.29
2012-02-23,80.0
2012-02-24,81.2
2012-02-27,80.61
2012-02-28,80.46
2012-02-29,81.15
2012-03-01,81.12
2012-03-02,81.81
2012-03-05,81.56
2012-03-06,80.89
2012-03-07,81.09
2012-03-08,81.56
2012-03-09,82.46
2012-03-12,82.23
2012-03-13,82.94
2012-03-14,83.73
2012-03-15,83.57
2012-03-16,83.43
2012-03-19,83.35
2012-03-20,83.7
2012-03-21,83.41
2012-03-22,82.54
2012-03-23,82.35
2012-03-26,82.82
2012-03-27,83.17
2012-03-28,82.9
2012-03-29,82.46
2012-03-30,82.87
2012-04-02,82.08
2012-04-03,82.81
2012-04-04,82.46
2012-04-05,82.37
2012-04-06,81.64
2012-04-09,81.49
2012-04-10,80.67
2012-04-11,80.86
2012-04-12,80.89
2012-04-13,80.93
2012-04-16,80.41
2012-04-17,80.85
2012-04-18,81.26
2012-04-19,81.61
2012-04-20,81.52
2012-04-23,81.18
2012-04-24,81.32
2012-04-25,81.34
2012-04-26,80.99
2012-04-27,80.27
2012-04-30,79.82
2012-05-01,80.09
2012-05-02,80.14
2012-05-03,80.18
2012-05-04,79.85
2012-05-07,79.92
2012-05-08,79.87
2012-05-09,79.64
2012-05-10,79.93
2012-05-11,79.94
2012-05-14,79.85
2012-05-15,80.18
2012-05-16,80.33
2012-05-17,79.28
2012-05-18,79.02
2012-05-21,79.31
2012-05-22,79.96
2012-05-23,79.47
2012-05-24,79.6
2012-05-25,79.68
2012-05-28,79.47
2012-05-29,79.49
2012-05-30,79.07
2012-05-31,78.32
2012-06-01,78.02
2012-06-04,78.34
2012-06-05,78.75
2012-06-06,79.19
2012-06-07,79.63
2012-06-08,79.49
2012-06-11,79.44
2012-06-12,79.53
2012-06-13,79.48
2012-06-14,79.35
2012-06-15,78.73
2012-06-18,79.11
2012-06-19,78.95
2012-06-20,79.54
2012-06-21,80.28
2012-06-22,80.43
2012-06-25,79.66
2012-06-26,79.52
2012-06-27,79.72
2012-06-28,79.46
2012-06-29,79.79
2012-07-02,79.51
2012-07-03,79.79
2012-07-04,79.88
2012-07-05,79.92
2012-07-06,79.66
2012-07-09,79.56
2012-07-10,79.43
2012-07-11,79.76
2012-07-12,79.31
2012-07-13,79.18
2012-07-16,78.87
2012-07-17,79.06
2012-07-18,78.8
2012-07-19,78.59
2012-07-20,78.49
2012-07-23,78.4
2012-07-24,78.18
2012-07-25,78.16
2012-07-26,78.21
2012-07-27,78.46
2012-07-30,78.18
2012-07-31,78.12
2012-08-01,78.44
2012-08-02,78.24
2012-08-03,78.47
2012-08-06,78.25
2012-08-07,78.61
2012-08-08,78.43
2012-08-09,78.57
2012-08-10,78.28
2012-08-13,78.32
2012-08-14,78.74
2012-08-15,78.99
2012-08-16,79.35
2012-08-17,79.56
2012-08-20,79.43
2012-08-21,79.29
2012-08-22,78.58
2012-08-23,78.49
2012-08-24,78.67
2012-08-27,78.74
2012-08-28,78.51
2012-08-29,78.71
2012-08-30,78.63
2012-08-31,78.39
2012-09-03,78.26
2012-09-04,78.43
2012-09-05,78.39
2012-09-06,78.86
2012-09-07,78.24
2012-09-10,78.29
2012-09-11,77.77
2012-09-12,77.86
2012-09-13,77.49
2012-09-14,78.39
2012-09-17,78.71
2012-09-18,78.82
2012-09-19,78.38
2012-09-20,78.24
2012-09-21,78.17
2012-09-24,77.85
2012-09-25,77.8
2012-09-26,77.75
2012-09-27,77.61
2012-09-28,77.96
2012-10-01,77.99
2012-10-02,78.16
2012-10-03,78.49
2012-10-04,78.48
2012-10-05,78.67
2012-10-08,78.33
2012-10-09,78.26
2012-10-10,78.18
2012-10-11,78.34
2012-10-12,78.44
2012-10-15,78.65
2012-10-16,78.89
2012-10-17,78.93
2012-10-18,79.28
2012-10-19,79.32
2012-10-22,79.94
2012-10-23,79.85
2012-10-24,79.81
2012-10-25,80.3
2012-10-26,79.65
2012-10-29,79.8
2012-10-30,79.63
2012-10-31,79.77
2012-11-01,80.12
2012-11-02,80.43
2012-11-05,80.29
2012-11-06,80.35
2012-11-07,80.0
2012-11-08,79.47
2012-11-09,79.49
2012-11-12,79.5
2012-11-13,79.38
2012-11-14,80.25
2012-11-15,81.17
2012-11-16,81.32
2012-11-19,81.41
2012-11-20,81.68
2012-11-21,82.52
2012-11-22,82.48
2012-11-23,82.4
2012-11-26,82.08
2012-11-27,82.15
2012-11-28,82.08
2012-11-29,82.12
2012-11-30,82.48
2012-12-03,82.25
2012-12-04,81.9
2012-12-05,82.47
2012-12-06,82.4
2012-12-07,82.49
2012-12-10,82.36
2012-12-11,82.52
2012-12-12,83.26
2012-12-13,83.65
2012-12-14,83.52
2012-12-17,83.89
2012-12-18,84.21
2012-12-19,84.41
2012-12-20,84.39
2012-12-21,84.24
2012-12-24,84.94
2012-12-25,84.77
2012-12-26,85.63
2012-12-27,86.1
2012-12-28,85.96
2012-12-31,86.75
2013-01-01,86.7
2013-01-02,87.34
2013-01-03,87.24
2013-01-04,88.15
2013-01-07,87.79
2013-01-08,87.05
2013-01-09,87.88
2013-01-10,88.78
2013-01-11,89.18
2013-01-14,89.48
2013-01-15,88.79
2013-01-16,88.38
2013-01-17,89.88
2013-01-18,90.1
2013-01-21,89.6
2013-01-22,88.71
2013-01-23,88.61
2013-01-24,90.33
2013-01-25,90.91
2013-01-28,90.86
2013-01-29,90.73
2013-01-30,91.08
2013-01-31,91.71
2013-02-01,92.77
2013-02-04,92.38
2013-02-05,93.63
2013-02-06,93.64
2013-02-07,93.63
2013-02-08,92.68
2013-02-11,94.32
2013-02-12,93.48
2013-02-13,93.39
2013-02-14,92.88
2013-02-15,93.5
2013-02-18,93.96
2013-02-19,93.57
2013-02-20,93.57
2013-02-21,93.11
2013-02-22,93.42
2013-02-25,91.82
2013-02-26,91.98
2013-02-27,92.24
2013-02-28,92.56
2013-03-01,93.59
2013-03-04,93.48
2013-03-05,93.29
2013-03-06,94.07
2013-03-07,94.82
2013-03-08,96.0
2013-03-11,96.28
2013-03-12,96.08
2013-03-13,96.13
2013-03-14,96.11
2013-03-15,95.28
2013-03-18,95.21
2013-03-19,95.16
2013-03-20,96.01
2013-03-21,94.9
2013-03-22,94.46
2013-03-25,94.17
2013-03-26,94.44
2013-03-27,94.46
2013-03-28,94.15
2013-03-29,94.22
2013-04-01,93.23
2013-04-02,93.44
2013-04-03,93.04
2013-04-04,96.34
2013-04-05,97.57
2013-04-08,99.36
2013-04-09,99.02
2013-04-10,99.78
2013-04-11,99.68
2013-04-12,98.37
2013-04-15,96.77
2013-04-16,97.54
2013-04-17,98.12
2013-04-18,98.17
2013-04-19,99.52
2013-04-22,99.23
2013-04-23,99.48
2013-04-24,99.51
2013-04-25,99.26
2013-04-26,98.05
2013-04-29,97.76
2013-04-30,97.45
2013-05-01,97.39
2013-05-02,97.94
2013-05-03,98.99
2013-05-06,99.33
2013-05-07,99.0
2013-05-08,99.01
2013-05-09,100.59
2013-05-10,101.62
2013-05-13,101.82
2013-05-14,102.42
2013-05-15,102.25
2013-05-16,102.26
2013-05-17,103.21
2013-05-20,102.27
2013-05-21,102.5
2013-05-22,103.16
2013-05-23,102.02
2013-05-24,101.31
2013-05-27,100.96
2013-05-28,102.37
2013-05-29,101.16
2013-05-30,100.73
2013-05-31,100.45
2013-06-03,99.53
2013-06-04,100.03
2013-06-05,99.06
2013-06-06,96.97
2013-06-07,97.56
2013-06-10,98.76
2013-06-11,96.03
2013-06-12,96.02
2013-06-13,95.37
2013-06-14,94.31
2013-06-17,94.51
2013-06-18,95.33
2013-06-19,96.45
2013-06-20,97.28
2013-06-21,97.9
2013-06-24,97.73
2013-06-25,97.81
2013-06-26,97.72
2013-06-27,98.35
2013-06-28,99.14
2013-07-01,99.66
2013-07-02,100.63
2013-07-03,99.91
2013-07-04,100.04
2013-07-05,101.2
2013-07-08,100.97
2013-07-09,101.15
2013-07-10,99.68
2013-07-11,98.96
2013-07-12,99.22
2013-07-15,99.86
2013-07-16,99.1
2013-07-17,99.59
2013-07-18,100.43
2013-07-19,100.65
2013-07-22,99.67
2013-07-23,99.43
2013-07-24,100.27
2013-07-25,99.29
2013-07-26,98.21
2013-07-29,97.96
2013-07-30,98.03
2013-07-31,97.88
2013-08-01,99.54
2013-08-02,98.94
2013-08-05,98.3
2013-08-06,97.74
2013-08-07,96.33
2013-08-08,96.67
2013-08-09,96.21
2013-08-12,96.9
2013-08-13,98.2
2013-08-14,98.14
2013-08-15,97.37
2013-08-16,97.53
2013-08-19,97.55
2013-08-20,97.27
2013-08-21,97.68
2013-08-22,98.72
2013-08-23,98.72
2013-08-26,98.51
2013-08-27,97.03
2013-08-28,97.64
2013-08-29,98.35
2013-08-30,98.17
2013-09-02,99.33
2013-09-03,99.57
2013-09-04,99.74
2013-09-05,100.11
2013-09-06,99.11
2013-09-09,99.58
2013-09-10,100.39
2013-09-11,99.89
2013-09-12,99.54
2013-09-13,99.38
2013-09-16,99.08
2013-09-17,99.13
2013-09-18,97.94
2013-09-19,99.45
2013-09-20,99.36
2013-09-23,98.85
2013-09-24,98.75
2013-09-25,98.43
2013-09-26,98.99
2013-09-27,98.24
2013-09-30,98.27
2013-10-01,98.0
2013-10-02,97.36
2013-10-03,97.27
2013-10-04,97.48
2013-10-07,96.71
2013-10-08,96.88
2013-10-09,97.34
2013-10-10,98.16
2013-10-11,98.58
2013-10-14,98.57
2013-10-15,98.16
2013-10-16,98.77
2013-10-17,97.91
2013-10-18,97.72
2013-10-21,98.19
2013-10-22,98.14
2013-10-23,97.38
2013-10-24,97.28
2013-10-25,97.42
2013-10-28,97.68
2013-10-29,98.19
2013-10-30,98.51
2013-10-31,98.36
2013-11-01,98.67
2013-11-04,98.6
2013-11-05,98.5
2013-11-06,98.66
2013-11-07,98.09
2013-11-08,99.05
2013-11-11,99.16
2013-11-12,99.64
2013-11-13,99.25
2013-11-14,100.01
2013-11-15,100.19
2013-11-18,99.99
2013-11-19,100.14
2013-11-20,100.03
2013-11-21,101.16
2013-11-22,101.27
2013-11-25,101.67
2013-11-26,101.28
2013-11-27,102.16
2013-11-28,102.33
2013-11-29,102.44
2013-12-02,102.94
2013-12-03,102.51
2013-12-04,102.36
2013-12-05,101.79
2013-12-06,102.91
2013-12-09,103.27
2013-12-10,102.85
2013-12-11,102.42
2013-12-12,103.38
2013-12-13,103.21
2013-12-16,103.02
2013-12-17,102.67
2013-12-18,104.29
2013-12-19,104.25
2013-12-20,104.1
2013-12-23,104.11
2013-12-24,104.25
2013-12-25,104.38
2013-12-26,104.81
2013-12-27,105.17
2013-12-30,105.15
2013-12-31,105.31
2014-01-01,105.25
2014-01-02,104.81
2014-01-03,104.86
2014-01-06,104.22
2014-01-07,104.6
2014-01-08,104.86
2014-01-09,104.82
2014-01-10,104.18
2014-01-13,103.0
2014-01-14,104.22
2014-01-15,104.56
2014-01-16,104.35
2014-01-17,104.32
2014-01-20,104.18
2014-01-21,104.3
2014-01-22,104.52
2014-01-23,103.26
2014-01-24,102.31
2014-01-27,102.55
2014-01-28,102.94
2014-01-29,102.29
2014-01-30,102.72
2014-01-31,102.04
2014-02-03,100.98
2014-02-04,101.64
2014-02-05,101.45
2014-02-06,102.11
2014-02-07,102.3
2014-02-10,102.26
2014-02-11,102.63
2014-02-12,102.53
2014-02-13,102.17
2014-02-14,101.8
2014-02-17,101.92
2014-02-18,102.36
2014-02-19,102.31
2014-02-20,102.28
2014-02-21,102.51
2014-02-24,102.51
2014-02-25,102.24
2014-02-26,102.38
2014-02-27,102.13
2014-02-28,101.8
2014-03-03,101.45
2014-03-04,102.21
2014-03-05,102.3
2014-03-06,103.07
2014-03-07,103.28
2014-03-10,103.27
2014-03-11,103.02
2014-03-12,102.76
2014-03-13,101.84
2014-03-14,101.36
2014-03-17,101.77
2014-03-18,101.44
2014-03-19,102.32
2014-03-20,102.39
2014-03-21,102.25
2014-03-24,102.24
2014-03-25,102.26
2014-03-26,102.04
2014-03-27,102.18
2014-03-28,102.83
2014-03-31,103.23
2014-04-01,103.65
2014-04-02,103.88
2014-04-03,103.93
2014-04-04,103.29
2014-04-07,103.1
2014-04-08,101.81
2014-04-09,102.0
2014-04-10,101.53
2014-04-11,101.62
2014-04-14,101.85
2014-04-15,101.92
2014-04-16,102.23
2014-04-17,102.39
2014-04-18,102.43
2014-04-21,102.62
2014-04-22,102.62
2014-04-23,102.54
2014-04-24,102.32
2014-04-25,102.16
2014-04-28,102.49
2014-04-29,102.64
2014-04-30,102.24
2014-05-01,102.33
2014-05-02,102.2
2014-05-05,102.14
2014-05-06,101.68
2014-05-07,101.9
2014-05-08,101.66
2014-05-09,101.86
2014-05-12,102.13
2014-05-13,102.26
2014-05-14,101.9
2014-05-15,101.58
2014-05-16,101.5
2014-05-19,101.5
2014-05-20,101.33
2014-05-21,101.37
2014-05-22,101.74
2014-05-23,101.97
2014-05-26,101.94
2014-05-27,101.98
2014-05-28,101.85
2014-05-29,101.79
2014-05-30,101.77
2014-06-02,102.38
2014-06-03,102.51
2014-06-04,102.75
2014-06-05,102.41
2014-06-06,102.48
2014-06-09,102.53
2014-06-10,102.35
2014-06-11,102.07
2014-06-12,101.7
2014-06-13,102.04
2014-06-16,101.83
2014-06-17,102.15
2014-06-18,101.93
2014-06-19,101.94
2014-06-20,102.07
2014-06-23,101.93
2014-06-24,101.97
2014-06-25,101.87
2014-06-26,101.73
2014-06-27,101.42
2014-06-30,101.33
2014-07-01,101.53
2014-07-02,101.77
2014-07-03,102.19
2014-07-04,102.06
2014-07-07,101.86
2014-07-08,101.57
2014-07-09,101.64
2014-07-10,101.34
2014-07-11,101.3
2014-07-14,101.54
2014-07-15,101.68
2014-07-16,101.67
2014-07-17,101.18
2014-07-18,101.34
2014-07-21,101.4
2014-07-22,101.46
2014-07-23,101.48
2014-07-24,101.82
2014-07-25,101.84
2014-07-28,101.86
2014-07-29,102.12
2014-07-30,102.79
2014-07-31,102.8
2014-08-01,102.61
2014-08-04,102.57
2014-08-05,102.6
2014-08-06,102.1
2014-08-07,102.1
2014-08-08,102.04
2014-08-11,102.19
2014-08-12,102.26
2014-08-13,102.42
2014-08-14,102.45
2014-08-15,102.36
2014-08-18,102.57
2014-08-19,102.92
2014-08-20,103.76
2014-08-21,103.85
2014-08-22,103.95
2014-08-25,104.05
2014-08-26,104.06
2014-08-27,103.88
2014-08-28,103.72
2014-08-29,104.09
2014-09-01,104.35
2014-09-02,105.09
2014-09-03,104.79
2014-09-04,105.27
2014-09-05,105.09
2014-09-08,106.03
2014-09-09,106.2
2014-09-10,106.86
2014-09-11,107.11
2014-09-12,107.34
2014-09-15,107.19
2014-09-16,107.13
2014-09-17,108.37
2014-09-18,108.69
2014-09-19,109.04
2014-09-22,108.84
2014-09-23,108.89
2014-09-24,109.04
2014-09-25,108.75
2014-09-26,109.29
2014-09-29,109.5
2014-09-30,109.65
2014-10-01,108.89
2014-10-02,108.42
2014-10-03,109.76
2014-10-06,108.78
2014-10-07,108.03
2014-10-08,108.08
2014-10-09,107.84
2014-10-10,107.66
2014-10-13,106.86
2014-10-14,107.05
2014-10-15,105.92
2014-10-16,106.33
2014-10-17,106.88
2014-10-20,106.95
2014-10-21,107.0
2014-10-22,107.14
2014-10-23,108.27
2014-10-24,108.16
2014-10-27,107.82
2014-10-28,108.16
2014-10-29,108.89
2014-10-30,109.21
2014-10-31,112.32
2014-11-03,114.05
2014-11-04,113.6
2014-11-05,114.64
2014-11-06,115.21
2014-11-07,114.6
2014-11-10,114.86
2014-11-11,115.78
2014-11-12,115.49
2014-11-13,115.77
2014-11-14,116.29
2014-11-17,116.65
2014-11-18,116.86
2014-11-19,117.97
2014-11-20,118.21
2014-11-21,117.79
2014-11-24,118.27
2014-11-25,117.97
2014-11-26,117.73
2014-11-27,117.71
2014-11-28,118.63
2014-12-01,118.4
2014-12-02,119.21
2014-12-03,119.79
2014-12-04,119.78
2014-12-05,121.46
2014-12-08,120.69
2014-12-09,119.69
2014-12-10,117.82
2014-12-11,118.65
2014-12-12,118.75
2014-12-15,117.82
2014-12-16,116.41
2014-12-17,118.65
2014-12-18,118.84
2014-12-19,119.5
2014-12-22,120.05
2014-12-23,120.69
2014-12-24,120.51
2014-12-25,120.1
2014-12-26,120.31
2014-12-29,120.67
2014-12-30,119.48
2014-12-31,119.78
2015-01-01,119.74
2015-01-02,120.5
2015-01-05,119.64
2015-01-06,118.39
2015-01-07,119.26
2015-01-08,119.66
2015-01-09,118.5
2015-01-12,118.35
2015-01-13,117.93
2015-01-14,117.33
2015-01-15,116.17
2015-01-16,117.51
2015-01-19,117.56
2015-01-20,118.82
2015-01-21,117.97
2015-01-22,118.49
2015-01-23,117.77
2015-01-26,118.46
2015-01-27,117.87
2015-01-28,117.54
2015-01-29,118.29
2015-01-30,117.49
2015-02-02,117.57
2015-02-03,117.57
2015-02-04,117.28
2015-02-05,117.53
2015-02-06,119.12
2015-02-09,118.64
2015-02-10,119.43
2015-02-11,120.46
2015-02-12,119.11
2015-02-13,118.75
2015-02-16,118.48
2015-02-17,119.25
2015-02-18,118.79
2015-02-19,118.95
2015-02-20,119.03
2015-02-23,118.81
2015-02-24,118.97
2015-02-25,118.86
2015-02-26,119.41
2015-02-27,119.63
2015-03-02,120.13
2015-03-03,119.73
2015-03-04,119.68
2015-03-05,120.13
2015-03-06,120.83
2015-03-09,121.15
2015-03-10,121.13
2015-03-11,121.45
2015-03-12,121.29
2015-03-13,121.4
2015-03-16,121.34
2015-03-17,121.37
2015-03-18,120.11
2015-03-19,120.78
2015-03-20,120.04
2015-03-23,119.73
2015-03-24,119.76
2015-03-25,119.49
2015-03-26,119.19
2015-03-27,119.13
2015-03-30,120.07
2015-03-31,120.13
2015-04-01,119.76
2015-04-02,119.72
2015-04-03,118.97
2015-04-06,119.54
2015-04-07,120.28
2015-04-08,120.13
2015-04-09,120.58
2015-04-10,120.22
2015-04-13,120.13
2015-04-14,119.4
2015-04-15,119.14
2015-04-16,119.02
2015-04-17,118.9
2015-04-20,119.18
2015-04-21,119.67
2015-04-22,119.91
2015-04-23,119.58
2015-04-24,118.99
2015-04-27,119.04
2015-04-28,118.86
2015-04-29,119.02
2015-04-30,119.38
2015-05-01,120.15
2015-05-04,120.13
2015-05-05,119.86
2015-05-06,119.46
2015-05-07,119.74
2015-05-08,119.76
2015-05-11,120.08
2015-05-12,119.87
2015-05-13,119.15
2015-05-14,119.18
2015-05-15,119.25
2015-05-18,119.99
2015-05-19,120.69
2015-05-20,121.35
2015-05-21,121.04
2015-05-22,121.54
2015-05-25,121.56
2015-05-26,123.1
2015-05-27,123.66
2015-05-28,123.95
2015-05-29,124.15
2015-06-01,124.77
2015-06-02,124.11
2015-06-03,124.25
2015-06-04,124.36
2015-06-05,125.63
2015-06-08,124.49
2015-06-09,124.34
2015-06-10,122.68
2015-06-11,123.42
2015-06-12,123.39
2015-06-15,123.42
2015-06-16,123.36
2015-06-17,123.43
2015-06-18,122.96
2015-06-19,122.71
2015-06-22,123.37
2015-06-23,123.94
2015-06-24,123.85
2015-06-25,123.63
2015-06-26,123.85
2015-06-29,122.54
2015-06-30,122.5
2015-07-01,123.17
2015-07-02,123.07
2015-07-03,122.79
2015-07-06,122.57
2015-07-07,122.54
2015-07-08,120.71
2015-07-09,121.34
2015-07-10,122.78
2015-07-13,123.43
2015-07-14,123.4
2015-07-15,123.76
2015-07-16,124.15
2015-07-17,124.09
2015-07-20,124.27
2015-07-21,123.89
2015-07-22,123.97
2015-07-23,123.93
2015-07-24,123.81
2015-07-27,123.25
2015-07-28,123.56
2015-07-29,123.94
2015-07-30,124.14
2015-07-31,123.89
2015-08-03,124.03
2015-08-04,124.38
2015-08-05,124.87
2015-08-06,124.74
2015-08-07,124.24
2015-08-10,124.63
2015-08-11,125.13
2015-08-12,124.21
2015-08-13,124.43
2015-08-14,124.31
2015-08-17,124.39
2015-08-18,124.41
2015-08-19,123.8
2015-08-20,123.4
2015-08-21,122.04
2015-08-24,118.41
2015-08-25,118.83
2015-08-26,119.92
2015-08-27,121.03
2015-08-28,121.71
2015-08-31,121.23
2015-09-01,119.37
2015-09-02,120.33
2015-09-03,120.07
2015-09-04,118.99
2015-09-07,119.28
2015-09-08,119.81
2015-09-09,120.5
2015-09-10,120.62
2015-09-11,120.59
2015-09-14,120.23
2015-09-15,120.42
2015-09-16,120.57
2015-09-17,120.01
2015-09-18,119.98
2015-09-21,120.56
2015-09-22,120.15
2015-09-23,120.28
2015-09-24,120.07
2015-09-25,120.59
2015-09-28,119.92
2015-09-29,119.74
2015-09-30,119.88
2015-10-01,119.93
2015-10-02,119.91
2015-10-05,120.46
2015-10-06,120.23
2015-10-07,120.01
2015-10-08,119.93
2015-10-09,120.27
2015-10-12,120.04
2015-10-13,119.75
2015-10-14,118.83
2015-10-15,118.9
2015-10-16,119.44
2015-10-19,119.5
2015-10-20,119.84
2015-10-21,119.93
2015-10-22,120.69
2015-10-23,121.47
2015-10-26,121.1
2015-10-27,120.46
2015-10-28,121.09
2015-10-29,121.13
2015-10-30,120.62
2015-11-02,120.76
2015-11-03,121.07
2015-11-04,121.57
2015-11-05,121.75
2015-11-06,123.13
2015-11-09,123.18
2015-11-10,123.15
2015-11-11,122.86
2015-11-12,122.61
2015-11-13,122.61
2015-11-16,123.18
2015-11-17,123.45
2015-11-18,123.64
2015-11-19,122.87
2015-11-20,122.81
2015-11-23,122.84
2015-11-24,122.53
2015-11-25,122.74
2015-11-26,122.57
2015-11-27,122.8
2015-11-30,123.11
2015-12-01,122.87
2015-12-02,123.24
2015-12-03,122.61
2015-12-04,123.11
2015-12-07,123.37
2015-12-08,122.93
2015-12-09,121.44
2015-12-10,121.56
2015-12-11,121.01
2015-12-14,121.03
2015-12-15,121.68
2015-12-16,122.21
2015-12-17,122.56
2015-12-18,121.16
2015-12-21,121.19
2015-12-22,121.07
2015-12-23,120.92
2015-12-24,120.43
2015-12-25,120.33
2015-12-28,120.4
2015-12-29,120.46
2015-12-30,120.52
2015-12-31,120.22
2016-01-01,120.55
2016-01-04,119.44
2016-01-05,119.06
2016-01-06,118.47
2016-01-07,117.67
2016-01-08,117.26
2016-01-11,117.76
2016-01-12,117.65
2016-01-13,117.68
2016-01-14,118.06
2016-01-15,116.98
2016-01-18,117.32
2016-01-19,117.64
2016-01-20,116.94
2016-01-21,117.7
2016-01-22,118.78
2016-01-25,118.3
2016-01-26,118.42
2016-01-27,118.68
2016-01-28,118.82
2016-01-29,121.14
2016-02-01,120.99
2016-02-02,119.97
2016-02-03,117.9
2016-02-04,116.78
2016-02-05,116.87
2016-02-08,115.85
2016-02-09,115.11
2016-02-10,113.35
2016-02-11,112.42
2016-02-12,113.25
2016-02-15,114.6
2016-02-16,114.07
2016-02-17,114.1
2016-02-18,113.24
2016-02-19,112.63
2016-02-22,112.92
2016-02-23,112.1
2016-02-24,112.18
2016-02-25,113.0
2016-02-26,114.0
2016-02-29,112.69
2016-03-01,114.01
2016-03-02,113.48
2016-03-03,113.69
2016-03-04,113.74
2016-03-07,113.46
2016-03-08,112.62
2016-03-09,113.35
2016-03-10,113.19
2016-03-11,113.86
2016-03-14,113.82
2016-03-15,113.18
2016-03-16,112.56
2016-03-17,111.39
2016-03-18,111.55
2016-03-21,111.95
2016-03-22,112.37
2016-03-23,112.38
2016-03-24,112.9
2016-03-25,113.08
2016-03-28,113.45
2016-03-29,112.7
2016-03-30,112.43
2016-03-31,112.57
2016-04-01,111.69
2016-04-04,111.34
2016-04-05,110.34
2016-04-06,109.79
2016-04-07,108.21
2016-04-08,108.07
2016-04-11,107.94
2016-04-12,108.54
2016-04-13,109.34
2016-04-14,109.4
2016-04-15,108.76
2016-04-18,108.82
2016-04-19,109.21
2016-04-20,109.84
2016-04-21,109.46
2016-04-22,111.79
2016-04-25,111.2
2016-04-26,111.31
2016-04-27,111.46
2016-04-28,108.11
2016-04-29,106.5
2016-05-02,106.41
2016-05-03,106.6
2016-05-04,107.01
2016-05-05,107.26
2016-05-06,107.12
2016-05-09,108.32
2016-05-10,109.27
2016-05-11,108.41
2016-05-12,109.02
2016-05-13,108.63
2016-05-16,109.03
2016-05-17,109.14
2016-05-18,110.19
2016-05-19,109.96
2016-05-20,110.15
2016-05-23,109.24
2016-05-24,109.99
2016-05-25,110.19
2016-05-26,109.76
2016-05-27,110.31
2016-05-30,111.12
2016-05-31,110.73
2016-06-01,109.54
2016-06-02,108.87
2016-06-03,106.53
2016-06-06,107.56
2016-06-07,107.37
2016-06-08,106.99
2016-06-09,107.1
2016-06-10,106.97
2016-06-13,106.26
2016-06-14,106.11
2016-06-15,106.01
2016-06-16,104.26
2016-06-17,104.16
2016-06-20,103.94
2016-06-21,104.75
2016-06-22,104.41
2016-06-23,106.16
2016-06-24,102.22
2016-06-27,102.0
2016-06-28,102.75
2016-06-29,102.83
2016-06-30,103.2
2016-07-01,102.52
2016-07-04,102.56
2016-07-05,101.74
2016-07-06,101.32
2016-07-07,100.77
2016-07-08,100.54
2016-07-11,102.8
2016-07-12,104.69
2016-07-13,104.49
2016-07-14,105.35
2016-07-15,104.88
2016-07-18,106.16
2016-07-19,106.12
2016-07-20,106.89
2016-07-21,105.82
2016-07-22,106.13
2016-07-25,105.81
2016-07-26,104.66
2016-07-27,105.4
2016-07-28,105.27
2016-07-29,102.06
2016-08-01,102.39
2016-08-02,100.89
2016-08-03,101.24
2016-08-04,101.22
2016-08-05,101.82
2016-08-08,102.45
2016-08-09,101.88
2016-08-10,101.29
2016-08-11,101.96
2016-08-12,101.3
2016-08-15,101.26
2016-08-16,100.31
2016-08-17,100.28
2016-08-18,99.89
2016-08-19,100.22
2016-08-22,100.33
2016-08-23,100.24
2016-08-24,100.45
2016-08-25,100.53
2016-08-26,101.84
2016-08-29,101.92
2016-08-30,102.96
2016-08-31,103.43
2016-09-01,103.23
2016-09-02,103.92
2016-09-05,103.43
2016-09-06,102.02
2016-09-07,101.74
2016-09-08,102.49
2016-09-09,102.69
2016-09-12,101.85
2016-09-13,102.56
2016-09-14,102.43
2016-09-15,102.1
2016-09-16,102.29
2016-09-19,101.93
2016-09-20,101.7
2016-09-21,100.32
2016-09-22,100.76
2016-09-23,101.02
2016-09-26,100.33
2016-09-27,100.43
2016-09-28,100.69
2016-09-29,101.03
2016-09-30,101.35
2016-10-03,101.65
2016-10-04,102.9
2016-10-05,103.5
2016-10-06,103.95
2016-10-07,102.98
2016-10-10,103.61
2016-10-11,103.51
2016-10-12,104.21
2016-10-13,103.71
2016-10-14,104.18
2016-10-17,103.89
2016-10-18,103.87
2016-10-19,103.44
2016-10-20,103.95
2016-10-21,103.8
2016-10-24,104.18
2016-10-25,104.22
2016-10-26,104.47
2016-10-27,105.29
2016-10-28,104.74
2016-10-31,104.82
2016-11-01,104.15
2016-11-02,103.3
2016-11-03,102.98
2016-11-04,103.12
2016-11-07,104.46
2016-11-08,105.16
2016-11-09,105.67
2016-11-10,106.83
2016-11-11,106.65
2016-11-14,108.42
2016-11-15,109.2
2016-11-16,109.08
2016-11-17,110.12
2016-11-18,110.91
2016-11-21,110.82
2016-11-22,111.14
2016-11-23,112.52
2016-11-24,113.33
2016-11-25,113.22
2016-11-28,111.94
2016-11-29,112.38
2016-11-30,114.46
2016-12-01,114.1
2016-12-02,113.51
2016-12-05,113.85
2016-12-06,114.02
2016-12-07,113.77
2016-12-08,114.04
2016-12-09,115.32
2016-12-12,115.02
2016-12-13,115.19
2016-12-14,117.04
2016-12-15,118.18
2016-12-16,117.93
2016-12-19,117.09
2016-12-20,117.86
2016-12-21,117.55
2016-12-22,117.54
2016-12-23,117.33
2016-12-26,117.1
2016-12-27,117.43
2016-12-28,117.26
2016-12-29,116.54
2016-12-30,116.96
2017-01-02,117.55
2017-01-03,117.75
2017-01-04,117.25
2017-01-05,115.35
2017-01-06,117.02
2017-01-09,116.03
2017-01-10,115.77
2017-01-11,115.41
2017-01-12,114.72
2017-01-13,114.49
2017-01-16,114.2
2017-01-17,112.62
2017-01-18,114.65
2017-01-19,114.86
2017-01-20,114.62
2017-01-23,112.71
2017-01-24,113.79
2017-01-25,113.28
2017-01-26,114.53
2017-01-27,115.1
2017-01-30,113.77
2017-01-31,112.8
2017-02-01,113.25
2017-02-02,112.8
2017-02-03,112.61
2017-02-06,111.74
2017-02-07,112.39
2017-02-08,111.93
2017-02-09,113.25
2017-02-10,113.22
2017-02-13,113.74
2017-02-14,114.26
2017-02-15,114.16
2017-02-16,113.24
2017-02-17,112.84
2017-02-20,113.1
2017-02-21,113.68
2017-02-22,113.31
2017-02-23,112.61
2017-02-24,112.12
2017-02-27,112.7
2017-02-28,112.77
2017-03-01,113.73
2017-03-02,114.41
2017-03-03,114.04
2017-03-06,113.89
2017-03-07,113.98
2017-03-08,114.35
2017-03-09,114.95
2017-03-10,114.79
2017-03-13,114.88
2017-03-14,114.75
2017-03-15,113.38
2017-03-16,113.31
2017-03-17,112.7
2017-03-20,112.55
2017-03-21,111.71
2017-03-22,111.16
2017-03-23,110.94
2017-03-24,111.34
2017-03-27,110.66
2017-03-28,111.15
2017-03-29,111.04
2017-03-30,111.92
2017-03-31,111.39
2017-04-03,110.9
2017-04-04,110.74
2017-04-05,110.7
2017-04-06,110.81
2017-04-07,111.09
2017-04-10,110.94
2017-04-11,109.62
2017-04-12,109.03
2017-04-13,109.09
2017-04-14,108.64
2017-04-17,108.91
2017-04-18,108.43
2017-04-19,108.86
2017-04-20,109.32
2017-04-21,109.09
2017-04-24,109.77
2017-04-25,111.09
2017-04-26,111.06
2017-04-27,111.26
2017-04-28,111.49
2017-05-01,111.84
2017-05-02,111.99
2017-05-03,112.75
2017-05-04,112.46
2017-05-05,112.71
2017-05-08,113.26
2017-05-09,113.98
2017-05-10,114.28
2017-05-11,113.86
2017-05-12,113.38
2017-05-15,113.79
2017-05-16,113.12
2017-05-17,110.83
2017-05-18,111.49
2017-05-19,111.26
2017-05-22,111.3
2017-05-23,111.78
2017-05-24,111.49
2017-05-25,111.84
2017-05-26,111.33
2017-05-29,111.27
2017-05-30,110.85
2017-05-31,110.78
2017-06-01,111.37
2017-06-02,110.4
2017-06-05,110.45
2017-06-06,109.41
2017-06-07,109.82
2017-06-08,110.02
2017-06-09,110.32
2017-06-12,109.95
2017-06-13,110.07
2017-06-14,109.58
2017-06-15,110.93
2017-06-16,110.88
2017-06-19,111.53
2017-06-20,111.45
2017-06-21,111.38
2017-06-22,111.33
2017-06-23,111.28
2017-06-26,111.86
2017-06-27,112.35
2017-06-28,112.3
2017-06-29,112.18
2017-06-30,112.39
2017-07-03,113.38
2017-07-04,113.28
2017-07-05,113.26
2017-07-06,113.22
2017-07-07,113.92
2017-07-10,114.04
2017-07-11,113.94
2017-07-12,113.17
2017-07-13,113.28
2017-07-14,112.53
2017-07-17,112.63
2017-07-18,112.07
2017-07-19,111.97
2017-07-20,111.91
2017-07-21,111.13
2017-07-24,111.1
2017-07-25,111.89
2017-07-26,111.18
2017-07-27,111.26
2017-07-28,110.68
2017-07-31,110.26
2017-08-01,110.36
2017-08-02,110.72
2017-08-03,110.05
2017-08-04,110.69
2017-08-07,110.75
2017-08-08,110.32
2017-08-09,110.07
2017-08-10,109.2
2017-08-11,109.19
2017-08-14,109.63
2017-08-15,110.67
2017-08-16,110.19
2017-08-17,109.57
2017-08-18,109.18
2017-08-21,108.98
2017-08-22,109.57
2017-08-23,109.04
2017-08-24,109.56
2017-08-25,109.36
2017-08-28,109.25
2017-08-29,109.71
2017-08-30,110.24
2017-08-31,109.98
2017-09-01,110.25
2017-09-04,109.72
2017-09-05,108.81
2017-09-06,109.22
2017-09-07,108.45
2017-09-08,107.84
2017-09-11,109.39
2017-09-12,110.17
2017-09-13,110.49
2017-09-14,110.24
2017-09-15,110.83
2017-09-18,111.57
2017-09-19,111.59
2017-09-20,112.22
2017-09-21,112.48
2017-09-22,111.99
2017-09-25,111.73
2017-09-26,112.24
2017-09-27,112.84
2017-09-28,112.34
2017-09-29,112.51
2017-10-02,112.77
2017-10-03,112.85
2017-10-04,112.76
2017-10-05,112.82
2017-10-06,112.65
2017-10-09,112.68
2017-10-10,112.45
2017-10-11,112.5
2017-10-12,112.28
2017-10-13,111.82
2017-10-16,112.19
2017-10-17,112.2
2017-10-18,112.94
2017-10-19,112.54
2017-10-20,113.52
2017-10-23,113.43
2017-10-24,113.9
2017-10-25,113.74
2017-10-26,113.98
2017-10-27,113.67
2017-10-30,113.18
2017-10-31,113.64
2017-11-01,114.18
2017-11-02,114.08
2017-11-03,114.07
2017-11-06,113.71
2017-11-07,114.01
2017-11-08,113.87
2017-11-09,113.47
2017-11-10,113.53
2017-11-13,113.62
2017-11-14,113.46
2017-11-15,112.88
2017-11-16,113.06
2017-11-17,112.1
2017-11-20,112.62
2017-11-21,112.45
2017-11-22,111.22
2017-11-23,111.22
2017-11-24,111.53
2017-11-27,111.09
2017-11-28,111.48
2017-11-29,111.93
2017-11-30,112.54
2017-12-01,112.17
2017-12-04,112.41
2017-12-05,112.6
2017-12-06,112.29
2017-12-07,113.09
2017-12-08,113.48
2017-12-11,113.56
2017-12-12,113.55
2017-12-13,112.54
2017-12-14,112.39
2017-12-15,112.6
2017-12-18,112.55
2017-12-19,112.89
2017-12-20,113.4
2017-12-21,113.33
2017-12-22,113.29
2017-12-25,113.26
2017-12-26,113.23
2017-12-27,113.35
2017-12-28,112.87
2017-12-29,112.69
2018-01-01,112.63
2018-01-02,112.29
2018-01-03,112.51
2018-01-04,112.75
2018-01-05,113.05
2018-01-08,113.09
2018-01-09,112.65
2018-01-10,111.44
2018-01-11,111.26
2018-01-12,111.06
2018-01-15,110.54
2018-01-16,110.45
2018-01-17,111.29
2018-01-18,111.11
2018-01-19,110.77
2018-01-22,110.92
2018-01-23,110.31
2018-01-24,109.22
2018-01-25,109.41
2018-01-26,108.58
2018-01-29,108.96
2018-01-30,108.78
2018-01-31,109.19
2018-02-01,109.4
2018-02-02,110.17
2018-02-05,109.09
2018-02-06,109.56
2018-02-07,109.33
2018-02-08,108.74
2018-02-09,108.8
2018-02-12,108.66
2018-02-13,107.82
2018-02-14,107.01
2018-02-15,106.13
2018-02-16,106.21
2018-02-19,106.59
2018-02-20,107.33
2018-02-21,107.78
2018-02-22,106.75
2018-02-23,106.89
2018-02-26,106.93
2018-02-27,107.33
2018-02-28,106.68
2018-03-01,106.24
2018-03-02,105.75
2018-03-05,106.2
2018-03-06,106.13
2018-03-07,106.07
2018-03-08,106.23
2018-03-09,106.82
2018-03-12,106.42
2018-03-13,106.58
2018-03-14,106.32
2018-03-15,106.34
2018-03-16,106.01
2018-03-19,106.1
2018-03-20,106.53
2018-03-21,106.05
2018-03-22,105.28
2018-03-23,104.74
2018-03-26,105.41
2018-03-27,105.34
2018-03-28,106.85
2018-03-29,106.43
2018-03-30,106.28
2018-04-02,105.89
2018-04-03,106.61
2018-04-04,106.78
2018-04-05,107.39
2018-04-06,106.93
2018-04-09,106.77
2018-04-10,107.2
2018-04-11,106.79
2018-04-12,107.33
2018-04-13,107.35
2018-04-16,107.12
2018-04-17,107.0
2018-04-18,107.23
2018-04-19,107.37
2018-04-20,107.66
2018-04-23,108.71
2018-04-24,108.82
2018-04-25,109.43
2018-04-26,109.3
2018-04-27,109.05
2018-04-30,109.34
2018-05-01,109.86
2018-05-02,109.84
2018-05-03,109.19
2018-05-04,109.12
2018-05-07,109.09
2018-05-08,109.13
2018-05-09,109.74
2018-05-10,109.4
2018-05-11,109.39
2018-05-14,109.66
2018-05-15,110.35
2018-05-16,110.4
2018-05-17,110.77
2018-05-18,110.78
2018-05-21,111.05
2018-05-22,110.9
2018-05-23,110.08
2018-05-24,109.26
2018-05-25,109.41
2018-05-28,109.42
2018-05-29,108.77
2018-05-30,108.91
2018-05-31,108.82
2018-06-01,109.54
2018-06-04,109.82
2018-06-05,109.79
2018-06-06,110.18
2018-06-07,109.7
2018-06-08,109.55
2018-06-11,110.03
2018-06-12,110.37
2018-06-13,110.34
2018-06-14,110.63
2018-06-15,110.66
2018-06-18,110.55
2018-06-19,110.06
2018-06-20,110.36
2018-06-21,109.99
2018-06-22,109.97
2018-06-25,109.77
2018-06-26,110.06
2018-06-27,110.26
2018-06-28,110.49
2018-06-29,110.76
2018-07-02,110.9
2018-07-03,110.59
2018-07-04,110.49
2018-07-05,110.64
2018-07-06,110.47
2018-07-09,110.85
2018-07-10,111.0
2018-07-11,112.01
2018-07-12,112.55
2018-07-13,112.38
2018-07-16,112.29
2018-07-17,112.88
2018-07-18,112.86
2018-07-19,112.47
2018-07-20,111.41
2018-07-23,111.35
2018-07-24,111.2
2018-07-25,110.98
2018-07-26,111.23
2018-07-27,111.05
2018-07-30,111.04
2018-07-31,111.86
2018-08-01,111.73
2018-08-02,111.66
2018-08-03,111.25
2018-08-06,111.4
2018-08-07,111.38
2018-08-08,110.98
2018-08-09,111.08
2018-08-10,110.83
2018-08-13,110.7
2018-08-14,111.15
2018-08-15,110.74
2018-08-16,110.9
2018-08-17,110.5
2018-08-20,110.07
2018-08-21,110.31
2018-08-22,110.56
2018-08-23,111.29
2018-08-24,111.24
2018-08-27,111.08
2018-08-28,111.19
2018-08-29,111.68
2018-08-30,110.98
2018-08-31,111.03
2018-09-03,111.07
2018-09-04,111.41
2018-09-05,111.53
2018-09-06,110.75
2018-09-07,110.99
2018-09-10,111.13
2018-09-11,111.63
2018-09-12,111.26
2018-09-13,111.92
2018-09-14,112.06
2018-09-17,111.85
2018-09-18,112.36
2018-09-19,112.28
2018-09-20,112.49
2018-09-21,112.59
2018-09-24,112.8
2018-09-25,112.97
2018-09-26,112.73
2018-09-27,113.38
2018-09-28,113.7
2018-10-01,113.93
2018-10-02,113.65
2018-10-03,114.53
2018-10-04,113.91
2018-10-05,113.72
2018-10-08,113.23
2018-10-09,112.96
2018-10-10,112.27
2018-10-11,112.16
2018-10-12,112.21
2018-10-15,111.77
2018-10-16,112.25
2018-10-17,112.65
2018-10-18,112.21
2018-10-19,112.55
2018-10-22,112.82
2018-10-23,112.44
2018-10-24,112.26
2018-10-25,112.42
2018-10-26,111.91
2018-10-29,112.37
2018-10-30,113.13
2018-10-31,112.94
2018-11-01,112.72
2018-11-02,113.2
2018-11-05,113.19
2018-11-06,113.43
2018-11-07,113.52
2018-11-08,114.07
2018-11-09,113.83
2018-11-12,113.84
2018-11-13,113.81
2018-11-14,113.63
2018-11-15,113.64
2018-11-16,112.83
2018-11-19,112.55
2018-11-20,112.77
2018-11-21,113.06
2018-11-22,112.95
2018-11-23,112.96
2018-11-26,113.58
2018-11-27,113.79
2018-11-28,113.68
2018-11-29,113.48
2018-11-30,113.57
2018-12-03,113.66
2018-12-04,112.77
2018-12-05,113.19
2018-12-06,112.68
2018-12-07,112.69
2018-12-10,113.33
2018-12-11,113.38
2018-12-12,113.29
2018-12-13,113.63
2018-12-14,113.39
2018-12-17,112.83
2018-12-18,112.52
2018-12-19,112.48
2018-12-20,111.28
2018-12-21,111.22
2018-12-24,110.45
2018-12-25,110.31
2018-12-26,111.37
2018-12-27,111.01
2018-12-28,110.27
2018-12-31,109.69
2019-01-01,109.74
2019-01-02,108.88
2019-01-03,107.68
2019-01-04,108.51
2019-01-07,108.72
2019-01-08,108.75
2019-01-09,108.17
2019-01-10,108.43
2019-01-11,108.48
2019-01-14,108.16
2019-01-15,108.68
2019-01-16,109.09
2019-01-17,109.26
2019-01-18,109.78
2019-01-21,109.67
2019-01-22,109.37
2019-01-23,109.6
2019-01-24,109.64
2019-01-25,109.55
2019-01-28,109.35
2019-01-29,109.4
2019-01-30,109.04
2019-01-31,108.89
2019-02-01,109.5
2019-02-04,109.89
2019-02-05,109.96
2019-02-06,109.97
2019-02-07,109.82
2019-02-08,109.73
2019-02-11,110.38
2019-02-12,110.48
2019-02-13,111.01
2019-02-14,110.48
2019-02-15,110.47
2019-02-18,110.62
2019-02-19,110.63
2019-02-20,110.85
2019-02-21,110.7
2019-02-22,110.69
2019-02-25,111.06
2019-02-26,110.59
2019-02-27,111.0
2019-02-28,111.39
2019-03-01,111.89
2019-03-04,111.75
2019-03-05,111.89
2019-03-06,111.77
2019-03-07,111.58
2019-03-08,111.17
2019-03-11,111.21
2019-03-12,111.36
2019-03-13,111.17
2019-03-14,111.7
2019-03-15,111.48
2019-03-18,111.43
2019-03-19,111.39
2019-03-20,110.7
2019-03-21,110.82
2019-03-22,109.92
2019-03-25,109.97
2019-03-26,110.64
2019-03-27,110.51
2019-03-28,110.63
2019-03-29,110.86
2019-04-01,111.35
2019-04-02,111.32
2019-04-03,111.49
2019-04-04,111.66
2019-04-05,111.73
2019-04-08,111.48
2019-04-09,111.14
2019-04-10,111.01
2019-04-11,111.66
2019-04-12,112.02
2019-04-15,112.04
2019-04-16,112.0
2019-04-17,112.06
2019-04-18,111.97
2019-04-19,111.92
2019-04-22,111.94
2019-04-23,111.86
2019-04-24,112.19
2019-04-25,111.63
2019-04-26,111.58
2019-04-29,111.65
2019-04-30,111.42
2019-05-01,111.38
2019-05-02,111.51
2019-05-03,111.1
2019-05-06,110.76
2019-05-07,110.26
2019-05-08,110.1
2019-05-09,109.74
2019-05-10,109.95
2019-05-13,109.3
2019-05-14,109.61
2019-05-15,109.6
2019-05-16,109.85
2019-05-17,110.08
2019-05-20,110.06
2019-05-21,110.5
2019-05-22,110.36
2019-05-23,109.61
2019-05-24,109.31
2019-05-27,109.51
2019-05-28,109.38
2019-05-29,109.59
2019-05-30,109.62
2019-05-31,108.29
2019-06-03,108.07
2019-06-04,108.15
2019-06-05,108.46
2019-06-06,108.4
2019-06-07,108.19
2019-06-10,108.45
2019-06-11,108.52
2019-06-12,108.5
2019-06-13,108.38
2019-06-14,108.56
2019-06-17,108.54
2019-06-18,108.45
2019-06-19,108.1
2019-06-20,107.3
2019-06-21,107.32
2019-06-24,107.3
2019-06-25,107.2
2019-06-26,107.79
2019-06-27,107.79
2019-06-28,107.85
2019-07-01,108.45
2019-07-02,107.88
2019-07-03,107.81
2019-07-04,107.82
2019-07-05,108.47
2019-07-08,108.72
2019-07-09,108.85
2019-07-10,108.46
2019-07-11,108.5
2019-07-12,107.91
2019-07-15,107.91
2019-07-16,108.24
2019-07-17,107.95
2019-07-18,107.3
2019-07-19,107.71
2019-07-22,107.87
2019-07-23,108.23
2019-07-24,108.19
2019-07-25,108.63
2019-07-26,108.68
2019-07-29,108.78
2019-07-30,108.61
2019-07-31,108.78
2019-08-01,107.34
2019-08-02,106.59
2019-08-05,105.95
2019-08-06,106.47
2019-08-07,106.27
2019-08-08,106.07
2019-08-09,105.69
2019-08-12,105.3
2019-08-13,106.74
2019-08-14,105.91
2019-08-15,106.12
2019-08-16,106.38
2019-08-19,106.64
2019-08-20,106.23
2019-08-21,106.62
2019-08-22,106.44
2019-08-23,105.39
2019-08-26,106.12
2019-08-27,105.75
2019-08-28,106.12
2019-08-29,106.52
2019-08-30,106.28
2019-09-02,106.24
2019-09-03,105.94
2019-09-04,106.39
2019-09-05,106.94
2019-09-06,106.92
2019-09-09,107.24
2019-09-10,107.54
2019-09-11,107.82
2019-09-12,108.1
2019-09-13,108.09
2019-09-16,108.12
2019-09-17,108.13
2019-09-18,108.45
2019-09-19,108.02
2019-09-20,107.56
2019-09-23,107.55
2019-09-24,107.07
2019-09-25,107.77
2019-09-26,107.83
2019-09-27,107.92
2019-09-30,108.08
2019-10-01,107.75
2019-10-02,107.18
2019-10-03,106.92
2019-10-04,106.94
2019-10-07,107.26
2019-10-08,107.09
2019-10-09,107.48
2019-10-10,107.98
2019-10-11,108.29
2019-10-14,108.4
2019-10-15,108.86
2019-10-16,108.76
2019-10-17,108.66
2019-10-18,108.45
2019-10-21,108.62
2019-10-22,108.49
2019-10-23,108.69
2019-10-24,108.61
2019-10-25,108.67
2019-10-28,108.95
2019-10-29,108.89
2019-10-30,108.85
2019-10-31,108.03
2019-11-01,108.19
2019-11-04,108.58
2019-11-05,109.16
2019-11-06,108.98
2019-11-07,109.28
2019-11-08,109.26
2019-11-11,109.05
2019-11-12,109.01
2019-11-13,108.82
2019-11-14,108.42
2019-11-15,108.8
2019-11-18,108.68
2019-11-19,108.54
2019-11-20,108.61
2019-11-21,108.63
2019-11-22,108.66
2019-11-25,108.93
2019-11-26,109.05
2019-11-27,109.54
2019-11-28,109.51
2019-11-29,109.49
2019-12-02,108.98
2019-12-03,108.63
2019-12-04,108.86
2019-12-05,108.76
2019-12-06,108.58
2019-12-09,108.56
2019-12-10,108.72
2019-12-11,108.56
2019-12-12,109.31
2019-12-13,109.38
2019-12-16,109.55
2019-12-17,109.48
2019-12-18,109.55
2019-12-19,109.37
2019-12-20,109.44
2019-12-23,109.4
2019-12-24,109.39
2019-12-25,109.38
2019-12-26,109.63
2019-12-27,109.44
2019-12-30,108.88
2019-12-31,108.61
2020-01-01,108.76
2020-01-02,108.57
2020-01-03,108.09
2020-01-06,108.37
2020-01-07,108.44
2020-01-08,109.12
2020-01-09,109.52
2020-01-10,109.45
2020-01-13,109.95
2020-01-14,109.99
2020-01-15,109.9
2020-01-16,110.16
2020-01-17,110.14
2020-01-20,110.18
2020-01-21,109.87
2020-01-22,109.84
2020-01-23,109.49
2020-01-24,109.28
2020-01-27,108.9
2020-01-28,109.15
2020-01-29,109.02
2020-01-30,108.96
2020-01-31,108.35
2020-02-03,108.69
2020-02-04,109.52
2020-02-05,109.83
2020-02-06,109.99
2020-02-07,109.75
2020-02-10,109.77
2020-02-11,109.79
2020-02-12,110.09
2020-02-13,109.82
2020-02-14,109.78
2020-02-17,109.88
2020-02-18,109.87
2020-02-19,111.37
2020-02-20,112.1
2020-02-21,111.61
2020-02-24,110.72
2020-02-25,110.2
2020-02-26,110.43
2020-02-27,109.59
2020-02-28,107.89
2020-03-02,108.33
2020-03-03,107.13
2020-03-04,107.53
2020-03-05,106.16
2020-03-06,105.39
2020-03-09,102.36
2020-03-10,105.64
2020-03-11,104.54
2020-03-12,104.64
2020-03-13,107.62
2020-03-16,105.83
2020-03-17,107.7
2020-03-18,108.08
2020-03-19,110.71
2020-03-20,110.93
2020-03-23,111.23
2020-03-24,111.23
2020-03-25,111.21
2020-03-26,109.58
2020-03-27,107.94
2020-03-30,107.76
2020-03-31,107.54
2020-04-01,107.17
2020-04-02,107.91
2020-04-03,108.55
2020-04-06,109.22
2020-04-07,108.76
2020-04-08,108.83
2020-04-09,108.49
2020-04-10,108.47
2020-04-13,107.77
2020-04-14,107.22
2020-04-15,107.46
2020-04-16,107.92
2020-04-17,107.54
2020-04-20,107.62
2020-04-21,107.8
2020-04-22,107.75
2020-04-23,107.6
2020-04-24,107.51
2020-04-27,107.25
2020-04-28,106.87
2020-04-29,106.68
2020-04-30,107.18
2020-05-01,106.91
2020-05-04,106.74
2020-05-05,106.57
2020-05-06,106.12
2020-05-07,106.28
2020-05-08,106.65
2020-05-11,107.66
2020-05-12,107.14
2020-05-13,107.03
2020-05-14,107.25
2020-05-15,107.06
2020-05-18,107.34
2020-05-19,107.71
2020-05-20,107.53
2020-05-21,107.61
2020-05-22,107.64
2020-05-25,107.71
2020-05-26,107.54
2020-05-27,107.72
2020-05-28,107.65
2020-05-29,107.83
2020-06-01,107.59
2020-06-02,108.68
2020-06-03,108.9
2020-06-04,109.15
2020-06-05,109.59
2020-06-08,108.43
2020-06-09,107.76
2020-06-10,107.12
2020-06-11,106.87
2020-06-12,107.38
2020-06-15,107.33
2020-06-16,107.32
2020-06-17,107.01
2020-06-18,106.97
2020-06-19,106.87
2020-06-22,106.91
2020-06-23,106.52
2020-06-24,107.04
2020-06-25,107.19
2020-06-26,107.22
2020-06-29,107.58
2020-06-30,107.93
2020-07-01,107.47
2020-07-02,107.5
2020-07-03,107.51
2020-07-06,107.35
2020-07-07,107.52
2020-07-08,107.26
2020-07-09,107.2
2020-07-10,106.93
2020-07-13,107.29
2020-07-14,107.24
2020-07-15,106.94
2020-07-16,107.27
2020-07-17,107.02
2020-07-20,107.27
2020-07-21,106.8
2020-07-22,107.15
2020-07-23,106.86
2020-07-24,106.14
2020-07-27,105.37
2020-07-28,105.09
2020-07-29,104.92
2020-07-30,104.73
2020-07-31,105.83
2020-08-03,105.95
2020-08-04,105.72
2020-08-05,105.6
2020-08-06,105.55
2020-08-07,105.92
2020-08-10,105.96
2020-08-11,106.49
2020-08-12,106.91
2020-08-13,106.93
2020-08-14,106.6
2020-08-17,106.0
2020-08-18,105.41
2020-08-19,106.12
2020-08-20,105.8
2020-08-21,105.8
2020-08-24,105.98
2020-08-25,106.39
2020-08-26,105.99
2020-08-27,106.57
2020-08-28,105.37
2020-08-31,105.91
2020-09-01,105.96
2020-09-02,106.18
2020-09-03,106.19
2020-09-04,106.24
2020-09-07,106.27
2020-09-08,106.03
2020-09-09,106.18
2020-09-10,106.13
2020-09-11,106.16
2020-09-14,105.73
2020-09-15,105.44
2020-09-16,104.95
2020-09-17,104.74
2020-09-18,104.57
2020-09-21,104.65
2020-09-22,104.93
2020-09-23,105.39
2020-09-24,105.41
2020-09-25,105.58
2020-09-28,105.5
2020-09-29,105.66
2020-09-30,105.48
2020-10-01,105.53
2020-10-02,105.29
2020-10-05,105.75
2020-10-06,105.63
2020-10-07,105.98
2020-10-08,106.03
2020-10-09,105.62
2020-10-12,105.33
2020-10-13,105.48
2020-10-14,105.17
2020-10-15,105.45
2020-10-16,105.4
2020-10-19,105.43
2020-10-20,105.5
2020-10-21,104.59
2020-10-22,104.86
2020-10-23,104.71
2020-10-26,104.84
2020-10-27,104.42
2020-10-28,104.32
2020-10-29,104.61
2020-10-30,104.66
2020-11-02,104.72
2020-11-03,104.49
2020-11-04,104.52
2020-11-05,103.49
2020-11-06,103.35
2020-11-09,105.38
2020-11-10,105.3
2020-11-11,105.43
2020-11-12,105.13
2020-11-13,104.63
2020-11-16,104.58
2020-11-17,104.19
2020-11-18,103.82
2020-11-19,103.74
2020-11-20,103.86
2020-11-23,104.52
2020-11-24,104.44
2020-11-25,104.46
2020-11-26,104.26
2020-11-27,104.09
2020-11-30,104.31
2020-12-01,104.33
2020-12-02,104.42
2020-12-03,103.84
2020-12-04,104.17
2020-12-07,104.05
2020-12-08,104.16
2020-12-09,104.23
2020-12-10,104.24
2020-12-11,104.04
2020-12-14,104.05
2020-12-15,103.67
2020-12-16,103.47
2020-12-17,103.11
2020-12-18,103.3
2020-12-21,103.32
2020-12-22,103.64
2020-12-23,103.57
2020-12-24,103.65
2020-12-25,103.43
2020-12-28,103.81
2020-12-29,103.58
2020-12-30,103.19
2020-12-31,103.25
2021-01-01,103.2
2021-01-04,103.13
2021-01-05,102.72
2021-01-06,103.04
2021-01-07,103.81
2021-01-08,103.94
2021-01-11,104.26
2021-01-12,103.76
2021-01-13,103.89
2021-01-14,103.8
2021-01-15,103.85
2021-01-18,103.69
2021-01-19,103.9
2021-01-20,103.54
2021-01-21,103.5
2021-01-22,103.78
2021-01-25,103.75
2021-01-26,103.62
2021-01-27,104.11
2021-01-28,104.24
2021-01-29,104.68
2021-02-01,104.93
2021-02-02,104.98
2021-02-03,105.03
2021-02-04,105.54
2021-02-05,105.39
2021-02-08,105.23
2021-02-09,104.59
2021-02-10,104.59
2021-02-11,104.75
2021-02-12,104.94
2021-02-15,105.38
2021-02-16,106.04
2021-02-17,105.87
2021-02-18,105.69
2021-02-19,105.45
2021-02-22,105.08
2021-02-23,105.25
2021-02-24,105.87
2021-02-25,106.21
2021-02-26,106.57
2021-03-01,106.76
2021-03-02,106.69
2021-03-03,107.01
2021-03-04,107.98
2021-03-05,108.31
2021-03-08,108.89
2021-03-09,108.48
2021-03-10,108.38
2021-03-11,108.51
2021-03-12,109.03
2021-03-15,109.13
2021-03-16,109.0
2021-03-17,108.84
2021-03-18,108.89
2021-03-19,108.88
2021-03-22,108.85
2021-03-23,108.59
2021-03-24,108.73
2021-03-25,109.19
2021-03-26,109.64
2021-03-29,109.81
2021-03-30,110.36
2021-03-31,110.72
2021-04-01,110.62
2021-04-02,110.69
2021-04-05,110.18
2021-04-06,109.75
2021-04-07,109.85
2021-04-08,109.26
2021-04-09,109.67
2021-04-12,109.38
2021-04-13,109.06
2021-04-14,108.93
2021-04-15,108.76
2021-04-16,108.8
2021-04-19,108.17
2021-04-20,108.11
2021-04-21,108.08
2021-04-22,107.97
2021-04-23,107.88
2021-04-26,108.08
2021-04-27,108.7
2021-04-28,108.6
2021-04-29,108.93
2021-04-30,109.31
2021-05-03,109.07
2021-05-04,109.33
2021-05-05,109.21
2021-05-06,109.09
2021-05-07,108.6
2021-05-10,108.81
2021-05-11,108.62
2021-05-12,109.67
2021-05-13,109.47
2021-05-14,109.35
2021-05-17,109.21
2021-05-18,108.9
2021-05-19,109.22
2021-05-20,108.78
2021-05-21,108.96
2021-05-24,108.75
2021-05-25,108.78
2021-05-26,109.15
2021-05-27,109.81
2021-05-28,109.85
2021-05-31,109.58
2021-06-01,109.48
2021-06-02,109.56
2021-06-03,110.29
2021-06-04,109.52
2021-06-07,109.25
2021-06-08,109.5
2021-06-09,109.63
2021-06-10,109.33
2021-06-11,109.66
2021-06-14,110.07
2021-06-15,110.08
2021-06-16,110.71
2021-06-17,110.21
2021-06-18,110.21
2021-06-21,110.27
2021-06-22,110.65
2021-06-23,110.96
2021-06-24,110.87
2021-06-25,110.75
2021-06-28,110.63
2021-06-29,110.53
2021-06-30,111.11
2021-07-01,111.53
2021-07-02,111.05
2021-07-05,110.97
2021-07-06,110.63
2021-07-07,110.66
2021-07-08,109.72
2021-07-09,110.14
2021-07-12,110.37
2021-07-13,110.63
2021-07-14,109.97
2021-07-15,109.83
2021-07-16,110.07
2021-07-19,109.46
2021-07-20,109.85
2021-07-21,110.29
2021-07-22,110.14
2021-07-23,110.55
2021-07-26,110.39
2021-07-27,109.78
2021-07-28,109.91
2021-07-29,109.48
2021-07-30,109.72
2021-08-02,109.31
2021-08-03,109.04
2021-08-04,109.48
2021-08-05,109.77
2021-08-06,110.25
2021-08-09,110.29
2021-08-10,110.57
2021-08-11,110.43
2021-08-12,110.41
2021-08-13,109.59
2021-08-16,109.24
2021-08-17,109.6
2021-08-18,109.77
2021-08-19,109.74
2021-08-20,109.78
2021-08-23,109.7
2021-08-24,109.65
2021-08-25,110.02
2021-08-26,110.09
2021-08-27,109.84
2021-08-30,109.92
2021-08-31,110.02
2021-09-01,110.01
2021-09-02,109.94
2021-09-03,109.71
2021-09-06,109.86
2021-09-07,110.28
2021-09-08,110.25
2021-09-09,109.72
2021-09-10,109.94
2021-09-13,109.99
2021-09-14,109.69
2021-09-15,109.38
2021-09-16,109.73
2021-09-17,109.93
2021-09-20,109.44
2021-09-21,109.23
2021-09-22,109.78
2021-09-23,110.33
2021-09-24,110.73
2021-09-27,111.0
2021-09-28,111.5
2021-09-29,111.96
2021-09-30,111.29
2021-10-01,111.05
2021-10-04,110.93
2021-10-05,111.46
2021-10-06,111.41
2021-10-07,111.63
2021-10-08,112.24
2021-10-11,113.31
2021-10-12,113.61
2021-10-13,113.25
2021-10-14,113.68
2021-10-15,114.22
2021-10-18,114.32
2021-10-19,114.38
2021-10-20,114.31
2021-10-21,113.99
2021-10-22,113.5
2021-10-25,113.71
2021-10-26,114.16
2021-10-27,113.83
2021-10-28,113.58
2021-10-29,113.95
2021-11-01,114.0
2021-11-02,113.96
2021-11-03,114.01
2021-11-04,113.76
2021-11-05,113.41
2021-11-08,113.23
2021-11-09,112.87
2021-11-10,113.91
2021-11-11,114.06
2021-11-12,113.89
2021-11-15,114.12
2021-11-16,114.82
2021-11-17,114.08
2021-11-18,114.26
2021-11-19,113.99
2021-11-22,114.88
2021-11-23,115.14
2021-11-24,115.43
2021-11-25,115.36
2021-11-26,113.38
2021-11-29,113.53
2021-11-30,113.17
2021-12-01,112.78
2021-12-02,113.11
2021-12-03,112.8
2021-12-06,113.48
2021-12-07,113.6
2021-12-08,113.67
2021-12-09,113.49
2021-12-10,113.44
2021-12-13,113.54
2021-12-14,113.7
2021-12-15,114.04
2021-12-16,113.67
2021-12-17,113.63
2021-12-20,113.61
2021-12-21,114.1
2021-12-22,114.1
2021-12-23,114.39
2021-12-24,114.38
2021-12-27,114.87
2021-12-28,114.82
2021-12-29,114.95
2021-12-30,115.08
2021-12-31,115.08
2022-01-03,115.32
2022-01-04,116.16
2022-01-05,116.11
2022-01-06,115.83
2022-01-07,115.56
2022-01-10,115.2
2022-01-11,115.3
2022-01-12,114.64
2022-01-13,114.2
2022-01-14,114.19
2022-01-17,114.63
2022-01-18,114.61
2022-01-19,114.33
2022-01-20,114.11
2022-01-21,113.68
2022-01-24,113.95
2022-01-25,113.88
2022-01-26,114.64
2022-01-27,115.37
2022-01-28,115.26
2022-01-31,115.11
2022-02-01,114.71
2022-02-02,114.46
2022-02-03,114.97
2022-02-04,115.26
2022-02-07,115.1
2022-02-08,115.55
2022-02-09,115.52
2022-02-10,116.01
2022-02-11,115.42
2022-02-14,115.54
2022-02-15,115.61
2022-02-16,115.52
2022-02-17,114.94
2022-02-18,115.01
2022-02-21,114.74
2022-02-22,115.08
2022-02-23,115.01
2022-02-24,115.53
2022-02-25,115.55
2022-02-28,115.0
2022-03-01,114.92
2022-03-02,115.52
2022-03-03,115.46
2022-03-04,114.82
2022-03-07,115.32
2022-03-08,115.67
2022-03-09,115.83
2022-03-10,116.14
2022-03-11,117.29
2022-03-14,118.19
2022-03-15,118.3
2022-03-16,118.73
2022-03-17,118.6
2022-03-18,119.17
2022-03-21,119.47
2022-03-22,120.8
2022-03-23,121.15
2022-03-24,122.35
2022-03-25,122.05
2022-03-28,123.86
2022-03-29,122.88
2022-03-30,121.83
2022-03-31,121.7
2022-04-01,122.52
2022-04-04,122.79
2022-04-05,123.6
2022-04-06,123.8
2022-04-07,123.95
2022-04-08,124.34
2022-04-11,125.37
2022-04-12,125.38
2022-04-13,125.62
2022-04-14,125.88
2022-04-15,126.46
2022-04-18,126.99
2022-04-19,128.91
2022-04-20,127.86
2022-04-21,128.38
2022-04-22,128.5
2022-04-25,128.14
2022-04-26,127.23
2022-04-27,128.43
2022-04-28,130.85
2022-04-29,129.7
2022-05-02,130.16
2022-05-03,130.14
2022-05-04,129.09
2022-05-05,130.2
2022-05-06,130.56
2022-05-09,130.29
2022-05-10,130.45
2022-05-11,129.97
2022-05-12,128.34
2022-05-13,129.22
2022-05-16,129.16
2022-05-17,129.38
2022-05-18,128.23
2022-05-19,127.79
2022-05-20,127.88
2022-05-23,127.9
2022-05-24,126.83
2022-05-25,127.32
2022-05-26,127.12
2022-05-27,127.11
2022-05-30,127.59
2022-05-31,128.67
2022-06-01,130.13
2022-06-02,129.84
2022-06-03,130.88
2022-06-06,131.88
2022-06-07,132.59
2022-06-08,134.25
2022-06-09,134.36
2022-06-10,134.41
2022-06-13,134.42
2022-06-14,135.47
2022-06-15,133.84
2022-06-16,132.21
2022-06-17,135.02
2022-06-20,135.07
2022-06-21,136.57
2022-06-22,136.26
2022-06-23,134.95
2022-06-24,135.23
2022-06-27,135.46
2022-06-28,136.14
2022-06-29,136.59
2022-06-30,135.72
2022-07-01,135.21
2022-07-04,135.62
2022-07-05,135.85
2022-07-06,135.95
2022-07-07,136.01
2022-07-08,136.1
2022-07-11,137.44
2022-07-12,136.87
2022-07-13,137.39
2022-07-14,138.96
2022-07-15,138.57
2022-07-18,138.14
2022-07-19,138.19
2022-07-20,138.21
2022-07-21,137.36
2022-07-22,136.12
2022-07-25,136.69
2022-07-26,136.91
2022-07-27,136.57
2022-07-28,134.27
2022-07-29,133.27
2022-08-01,131.61
2022-08-02,133.17
2022-08-03,133.86
2022-08-04,132.89
2022-08-05,135.01
2022-08-08,134.95
2022-08-09,135.05
2022-08-10,132.89
2022-08-11,133.02
2022-08-12,133.42
2022-08-15,133.32
2022-08-16,134.22
2022-08-17,135.05
2022-08-18,135.89
2022-08-19,136.97
2022-08-22,137.48
2022-08-23,136.77
2022-08-24,137.12
2022-08-25,136.49
2022-08-26,137.64
2022-08-29,138.72
2022-08-30,138.79
2022-08-31,138.96
2022-09-01,140.21
2022-09-02,140.2
2022-09-05,140.6
2022-09-06,142.8
2022-09-07,143.74
2022-09-08,144.11
2022-09-09,142.47
2022-09-12,142.84
2022-09-13,144.58
2022-09-14,143.08
2022-09-15,143.52
2022-09-16,142.92
2022-09-19,143.21
2022-09-20,143.75
2022-09-21,144.06
2022-09-22,142.39
2022-09-23,143.31
2022-09-26,144.75
2022-09-27,144.8
2022-09-28,144.16
2022-09-29,144.46
2022-09-30,144.74
2022-10-03,144.55
2022-10-04,144.13
2022-10-05,144.64
2022-10-06,145.14
2022-10-07,145.25
2022-10-10,145.72
2022-10-11,145.86
2022-10-12,146.91
2022-10-13,147.12
2022-10-14,148.67
2022-10-17,149.04
2022-10-18,149.26
2022-10-19,149.9
2022-10-20,150.15
2022-10-21,147.65
2022-10-24,148.91
2022-10-25,147.93
2022-10-26,146.37
2022-10-27,146.29
2022-10-28,147.6
2022-10-31,148.71
2022-11-01,148.27
2022-11-02,147.9
2022-11-03,148.26
2022-11-04,146.62
2022-11-07,146.63
2022-11-08,145.68
2022-11-09,146.47
2022-11-10,140.98
2022-11-11,138.81
2022-11-14,139.89
2022-11-15,139.28
2022-11-16,139.5
2022-11-17,140.2
2022-11-18,140.37
2022-11-21,142.14
2022-11-22,141.23
2022-11-23,139.6
2022-11-24,138.54
2022-11-25,139.19
2022-11-28,138.95
2022-11-29,138.63
2022-11-30,138.07
2022-12-01,135.33
2022-12-02,134.31
2022-12-05,136.75
2022-12-06,137.0
2022-12-07,136.62
2022-12-08,136.67
2022-12-09,136.56
2022-12-12,137.67
2022-12-13,135.59
2022-12-14,135.48
2022-12-15,137.78
2022-12-16,136.6
2022-12-19,136.91
2022-12-20,131.73
2022-12-21,132.46
2022-12-22,132.35
2022-12-23,132.91
2022-12-26,132.88
2022-12-27,133.49
2022-12-28,134.47
2022-12-29,133.03
2022-12-30,131.12
2023-01-02,130.8
2023-01-03,131.02
2023-01-04,132.63
2023-01-05,133.41
2023-01-06,132.08
2023-01-09,131.88
2023-01-10,132.26
2023-01-11,132.45
2023-01-12,129.25
2023-01-13,127.87
2023-01-16,128.58
2023-01-17,128.12
2023-01-18,128.9
2023-01-19,128.43
2023-01-20,129.6
2023-01-23,130.67
2023-01-24,130.17
2023-01-25,129.59
2023-01-26,130.22
2023-01-27,129.88
2023-01-30,130.39
2023-01-31,130.09
2023-02-01,128.98
2023-02-02,128.68
2023-02-03,131.19
2023-02-06,132.66
2023-02-07,131.07
2023-02-08,131.4
2023-02-09,131.59
2023-02-10,131.36
2023-02-13,132.42
2023-02-14,133.16
2023-02-15,134.16
2023-02-16,133.94
2023-02-17,134.15
2023-02-20,134.25
2023-02-21,135.01
2023-02-22,134.84
2023-02-23,134.7
2023-02-24,136.48
2023-02-27,136.19
2023-02-28,136.17
2023-03-01,136.19
2023-03-02,136.77
2023-03-03,135.87
2023-03-06,135.93
2023-03-07,137.16
2023-03-08,137.36
2023-03-09,136.15
2023-03-10,135.03
2023-03-13,133.21
2023-03-14,134.22
2023-03-15,133.42
2023-03-16,133.74
2023-03-17,131.85
2023-03-20,131.32
2023-03-21,132.51
2023-03-22,131.44
2023-03-23,130.85
2023-03-24,130.73
2023-03-27,131.57
2023-03-28,130.89
2023-03-29,132.86
2023-03-30,132.7
2023-03-31,132.86
2023-04-03,132.46
2023-04-04,131.71
2023-04-05,131.32
2023-04-06,131.78
2023-04-07,132.16
2023-04-10,133.61
2023-04-11,133.68
2023-04-12,133.13
2023-04-13,132.58
2023-04-14,133.79
2023-04-17,134.47
2023-04-18,134.12
2023-04-19,134.72
2023-04-20,134.24
2023-04-21,134.16
2023-04-24,134.24
2023-04-25,133.76
2023-04-26,133.67
2023-04-27,133.97
2023-04-28,136.3
2023-05-01,137.5
2023-05-02,136.55
2023-05-03,134.71
2023-05-04,134.29
2023-05-05,134.8
2023-05-08,135.1
2023-05-09,135.23
2023-05-10,134.34
2023-05-11,134.53
2023-05-12,135.7
2023-05-15,136.12
2023-05-16,136.39
2023-05-17,137.68
2023-05-18,138.71
2023-05-19,137.98
2023-05-22,138.6
2023-05-23,138.59
2023-05-24,139.47
2023-05-25,140.06
2023-05-26,140.6
2023-05-29,140.45
2023-05-30,139.79
2023-05-31,139.34
2023-06-01,138.8
2023-06-02,139.92
2023-06-05,139.58
2023-06-06,139.63
2023-06-07,140.13
2023-06-08,138.92
2023-06-09,139.4
2023-06-12,139.6
2023-06-13,140.22
2023-06-14,140.09
2023-06-15,140.29
2023-06-16,141.82
2023-06-19,141.98
2023-06-20,141.47
2023-06-21,141.88
2023-06-22,143.11
2023-06-23,143.7
2023-06-26,143.51
2023-06-27,144.07
2023-06-28,144.48
2023-06-29,144.76
2023-06-30,144.31
2023-07-03,144.68
2023-07-04,144.47
2023-07-05,144.66
2023-07-06,144.07
2023-07-07,142.21
2023-07-10,141.31
2023-07-11,140.36
2023-07-12,138.5
2023-07-13,138.05
2023-07-14,138.8
2023-07-17,138.71
2023-07-18,138.83
2023-07-19,139.65
2023-07-20,140.07
2023-07-21,141.73
2023-07-24,141.48
2023-07-25,140.9
2023-07-26,140.24
2023-07-27,139.48
2023-07-28,141.16
2023-07-31,142.29
2023-08-01,143.34
2023-08-02,143.32
2023-08-03,142.58
2023-08-04,141.76
2023-08-07,142.5
2023-08-08,143.38
2023-08-09,143.73
2023-08-10,144.75
2023-08-11,144.96
2023-08-14,145.56
2023-08-15,145.57
2023-08-16,146.35
2023-08-17,145.84
2023-08-18,145.39
2023-08-21,146.22
2023-08-22,145.89
2023-08-23,144.84
2023-08-24,145.83
2023-08-25,146.44
2023-08-28,146.54
2023-08-29,145.88
2023-08-30,146.24
2023-08-31,145.54
2023-09-01,146.22
2023-09-04,146.47
2023-09-05,147.72
2023-09-06,147.66
2023-09-07,147.3
2023-09-08,147.83
2023-09-11,146.59
2023-09-12,147.08
2023-09-13,147.46
2023-09-14,147.47
2023-09-15,147.85
2023-09-18,147.61
2023-09-19,147.86
2023-09-20,148.34
2023-09-21,147.59
2023-09-22,148.37
2023-09-25,148.88
2023-09-26,149.07
2023-09-27,149.63
2023-09-28,149.31
2023-09-29,149.37
2023-10-02,149.86
2023-10-03,149.02
2023-10-04,149.12
2023-10-05,148.51
2023-10-06,149.32
2023-10-09,148.51
2023-10-10,148.71
2023-10-11,149.17
2023-10-12,149.81
2023-10-13,149.57
2023-10-16,149.51
2023-10-17,149.81
2023-10-18,149.93
2023-10-19,149.8
2023-10-20,149.86
2023-10-23,149.71
2023-10-24,149.91
2023-10-25,150.23
2023-10-26,150.4
2023-10-27,149.66
2023-10-30,149.1
2023-10-31,151.68
2023-11-01,150.95
2023-11-02,150.45
2023-11-03,149.39
2023-11-06,150.07
2023-11-07,150.37
2023-11-08,150.98
2023-11-09,151.35
2023-11-10,151.52
2023-11-13,151.72
2023-11-14,150.37
2023-11-15,151.36
2023-11-16,150.73
2023-11-17,149.63
2023-11-20,148.39
2023-11-21,148.39
2023-11-22,149.54
2023-11-23,149.56
2023-11-24,149.44
2023-11-27,148.69
2023-11-28,147.48
2023-11-29,147.24
2023-11-30,148.2
2023-12-01,146.82
2023-12-04,147.21
2023-12-05,147.15
2023-12-06,147.31
2023-12-07,144.13
2023-12-08,144.95
2023-12-11,146.16
2023-12-12,145.45
2023-12-13,142.89
2023-12-14,141.89
2023-12-15,142.15
2023-12-18,142.78
2023-12-19,143.84
2023-12-20,143.57
2023-12-21,142.12
2023-12-22,142.41
2023-12-25,142.35
2023-12-26,142.4
2023-12-27,141.83
2023-12-28,141.41
2023-12-29,141.04
2024-01-01,140.89
2024-01-02,141.99
2024-01-03,143.29
2024-01-04,144.63
2024-01-05,144.63
2024-01-08,144.23
2024-01-09,144.48
2024-01-10,145.76
2024-01-11,145.29
2024-01-12,144.88
2024-01-15,145.73
2024-01-16,147.19
2024-01-17,148.16
2024-01-18,148.16
2024-01-19,148.12
2024-01-22,148.1
2024-01-23,148.35
2024-01-24,147.51
2024-01-25,147.66
2024-01-26,148.15
2024-01-29,147.5
2024-01-30,147.61
2024-01-31,146.92
2024-02-01,146.43
2024-02-02,148.38
2024-02-05,148.68
2024-02-06,147.94
2024-02-07,148.18
2024-02-08,149.32
2024-02-09,149.29
2024-02-12,149.35
2024-02-13,150.8
2024-02-14,150.58
2024-02-15,149.93
2024-02-16,150.21
2024-02-19,150.13
2024-02-20,150.01
2024-02-21,150.3
2024-02-22,150.53
2024-02-23,150.51
2024-02-26,150.7
2024-02-27,150.51
2024-02-28,150.69
2024-02-29,149.98
2024-03-01,150.12
2024-03-04,150.53
2024-03-05,150.05
2024-03-06,149.38
2024-03-07,148.05
2024-03-08,147.06
2024-03-11,146.95
2024-03-12,147.68
2024-03-13,147.76
2024-03-14,148.33
2024-03-15,149.04
2024-03-18,149.15
2024-03-19,150.86
2024-03-20,151.26
2024-03-21,151.62
2024-03-22,151.41
2024-03-25,151.42
2024-03-26,151.56
2024-03-27,151.33
2024-03-28,151.38
2024-03-29,151.35
2024-04-01,151.65
2024-04-02,151.56
2024-04-03,151.7
2024-04-04,151.34
2024-04-05,151.62
2024-04-08,151.82
2024-04-09,151.76
2024-04-10,153.16
2024-04-11,153.27
2024-04-12,153.23
2024-04-15,154.28
2024-04-16,154.72
2024-04-17,154.39
2024-04-18,154.64
2024-04-19,154.64
2024-04-22,154.85
2024-04-23,154.83
2024-04-24,155.35
2024-04-25,155.65
2024-04-26,158.33
2024-04-29,156.35
2024-04-30,157.8
2024-05-01,154.57
2024-05-02,153.64
2024-05-03,153.05
2024-05-06,153.92
2024-05-07,154.69
2024-05-08,155.53
2024-05-09,155.48
2024-05-10,155.78
2024-05-13,156.22
2024-05-14,156.42
2024-05-15,154.88
2024-05-16,155.39
2024-05-17,155.65
2024-05-20,156.26
2024-05-21,156.17
2024-05-22,156.8
2024-05-23,156.93
2024-05-24,156.99
2024-05-27,156.88
2024-05-28,157.17
2024-05-29,157.64
2024-05-30,156.82
2024-05-31,157.31
2024-06-03,156.08
2024-06-04,154.88
2024-06-05,156.11
2024-06-06,155.61
2024-06-07,156.75
2024-06-10,157.04
2024-06-11,157.13
2024-06-12,156.72
2024-06-13,157.03
2024-06-14,157.4
2024-06-17,157.74
2024-06-18,157.86
2024-06-19,158.09
2024-06-20,158.93
2024-06-21,159.8
2024-06-24,159.62
2024-06-25,159.7
2024-06-26,160.81
2024-06-27,160.76
2024-06-28,160.88
2024-07-01,161.46
2024-07-02,161.44
2024-07-03,161.69
2024-07-04,161.28
2024-07-05,160.75
2024-07-08,160.83
2024-07-09,161.33
2024-07-10,161.69
2024-07-11,158.84
2024-07-12,157.83
2024-07-15,158.06
2024-07-16,158.35
2024-07-17,156.2
2024-07-18,157.37
2024-07-19,157.48
2024-07-22,157.04
2024-07-23,155.59
2024-07-24,153.89
2024-07-25,153.94
2024-07-26,153.76
2024-07-29,154.02
2024-07-30,152.77
2024-07-31,149.98
2024-08-01,149.36
2024-08-02,146.53
2024-08-05,144.18
2024-08-06,144.34
2024-08-07,146.68
2024-08-08,147.23
2024-08-09,146.61
2024-08-12,147.21
2024-08-13,146.84
2024-08-14,147.33
2024-08-15,149.28
2024-08-16,147.63
2024-08-19,146.59
2024-08-20,145.26
2024-08-21,145.21
2024-08-22,146.29
2024-08-23,144.37
2024-08-26,144.53
2024-08-27,143.96
2024-08-28,144.59
2024-08-29,144.99
2024-08-30,146.17
2024-09-02,146.92
2024-09-03,145.48
2024-09-04,143.74
2024-09-05,143.45
2024-09-06,142.3
2024-09-09,143.18
2024-09-10,142.44
2024-09-11,142.36
2024-09-12,141.82
2024-09-13,140.85
2024-09-16,140.62
2024-09-17,142.41
2024-09-18,142.29
2024-09-19,142.63
2024-09-20,143.85
2024-09-23,143.61
2024-09-24,143.23
2024-09-25,144.75
2024-09-26,144.81
2024-09-27,142.21
2024-09-30,143.63
2024-10-01,143.57
2024-10-02,146.47
2024-10-03,146.93
2024-10-04,148.7
2024-10-07,148.18
2024-10-08,148.2
2024-10-09,149.31
2024-10-10,148.57
2024-10-11,149.13
2024-10-14,149.76
2024-10-15,149.2
2024-10-16,149.64
2024-10-17,150.21
2024-10-18,149.53
2024-10-21,150.84
2024-10-22,151.08
2024-10-23,152.76
2024-10-24,151.83
2024-10-25,152.31
2024-10-28,153.29
2024-10-29,153.36
2024-10-30,153.42
2024-10-31,152.03
2024-11-01,153.01
2024-11-04,152.13
2024-11-05,151.62
2024-11-06,154.63
2024-11-07,152.94
2024-11-08,152.64
2024-11-11,153.72
2024-11-12,154.61
2024-11-13,155.46
2024-11-14,156.27
2024-11-15,154.3
2024-11-18,154.66
2024-11-19,154.66
2024-11-20,155.44
2024-11-21,154.54
2024-11-22,154.78
2024-11-25,154.23
2024-11-26,153.08
2024-11-27,151.09
2024-11-28,151.55
2024-11-29,149.77
2024-12-02,149.6
2024-12-03,149.6
2024-12-04,150.59
2024-12-05,150.1
2024-12-06,150.0
2024-12-09,151.21
2024-12-10,151.95
2024-12-11,152.45
2024-12-12,152.63
2024-12-13,153.65
2024-12-16,154.15
2024-12-17,153.46
2024-12-18,154.8
2024-12-19,157.44
2024-12-20,156.31
2024-12-23,157.17
2024-12-24,157.19
2024-12-25,157.33
2024-12-26,157.99
2024-12-27,157.87
2024-12-30,156.84
2024-12-31,157.2
2025-01-01,157.24
2025-01-02,157.5
2025-01-03,157.26
2025-01-06,157.62
2025-01-07,158.05
2025-01-08,158.35
2025-01-09,158.14
2025-01-10,157.73
2025-01-13,157.48
2025-01-14,157.96
2025-01-15,156.47
2025-01-16,155.16
2025-01-17,156.3
2025-01-20,155.62
2025-01-21,155.52
2025-01-22,156.53
2025-01-23,156.05
2025-01-24,156.0
2025-01-27,154.51
2025-01-28,155.54
2025-01-29,155.22
2025-01-30,154.29
2025-01-31,155.19
2025-02-03,154.73
2025-02-04,154.34
2025-02-05,152.61
2025-02-06,151.41
2025-02-07,151.41
2025-02-10,152.0
2025-02-11,152.49
2025-02-12,154.42
2025-02-13,152.8
2025-02-14,152.31
2025-02-17,151.51
2025-02-18,152.06
2025-02-19,151.47
2025-02-20,149.64
2025-02-21,149.27
2025-02-24,149.72
2025-02-25,149.03
2025-02-26,149.1
2025-02-27,149.81
2025-02-28,150.63
2025-03-03,149.5
2025-03-04,149.79
2025-03-05,148.88
2025-03-06,147.98
2025-03-07,148.04
2025-03-10,147.27
2025-03-11,147.78
2025-03-12,148.25
2025-03-13,147.81
2025-03-14,148.64
2025-03-17,149.21
2025-03-18,149.27
2025-03-19,148.69
2025-03-20,148.78
2025-03-21,149.32
2025-03-24,150.7
2025-03-25,149.91
2025-03-26,150.57
2025-03-27,151.05
2025-03-28,149.84
2025-03-31,149.96
2025-04-01,149.61
2025-04-02,149.28
2025-04-03,146.06
2025-04-04,146.93
2025-04-07,147.84
2025-04-08,146.27
2025-04-09,147.76
2025-04-10,144.45
2025-04-11,143.54
2025-04-14,143.06
2025-04-15,143.21
2025-04-16,141.88
2025-04-17,142.43
2025-04-18,142.18
2025-04-21,140.86
2025-04-22,141.57
2025-04-23,143.45
2025-04-24,142.63
2025-04-25,143.67
2025-04-28,142.01
2025-04-29,142.33
2025-04-30,143.07
2025-05-01,145.39
2025-05-02,144.96
2025-05-05,143.7
2025-05-06,142.45
2025-05-07,143.83
2025-05-08,145.91
2025-05-09,145.37
2025-05-12,148.46
2025-05-13,147.48
2025-05-14,146.75
2025-05-15,145.67
2025-05-16,145.7
2025-05-19,144.86
2025-05-20,144.51
2025-05-21,143.68
2025-05-22,144.01
2025-05-23,142.56
2025-05-26,142.85
2025-05-27,144.33
2025-05-28,144.84
2025-05-29,144.21
2025-05-30,144.02
2025-06-02,142.71
2025-06-03,143.97
2025-06-04,142.77
2025-06-05,143.53
2025-06-06,144.85
2025-06-09,144.57
2025-06-10,144.87
2025-06-11,144.56
2025-06-12,143.48
2025-06-13,144.07
2025-06-16,144.75
2025-06-17,145.29
2025-06-18,145.13
2025-06-19,145.45
2025-06-20,146.09
2025-06-23,146.15
2025-06-24,144.94
2025-06-25,145.24
2025-06-26,144.42
2025-06-27,144.65
2025-06-30,144.03
2025-07-01,143.42
2025-07-02,143.66
2025-07-03,144.93
2025-07-04,144.47
2025-07-07,146.05
2025-07-08,146.58
2025-07-09,146.33
2025-07-10,146.26
2025-07-11,147.43
2025-07-14,147.72
2025-07-15,148.88
2025-07-16,147.88
2025-07-17,148.58
2025-07-18,148.81
2025-07-21,147.38
2025-07-22,146.63
2025-07-23,146.51
2025-07-24,147.01
2025-07-25,147.69
2025-07-28,148.53
2025-07-29,148.46
2025-07-30,149.51
2025-07-31,150.75
2025-08-01,147.4
2025-08-04,147.09
2025-08-05,147.62
2025-08-06,147.37
2025-08-07,147.14
2025-08-08,147.74
2025-08-11,148.15
2025-08-12,147.84
2025-08-13,147.38
2025-08-14,147.76
2025-08-15,147.19
2025-08-18,147.89
2025-08-19,147.67
2025-08-20,147.38
