date,return,realized_var,forecast_var,forecast_vol_ann,weight_EWMA (RiskMetrics),"weight_Component GARCH(1,1)"
2023-09-15,0.00257348103563664,6.622804640781434e-06,2.4571777096286597e-05,7.868982035984212,0.5,0.5
2023-09-18,-0.0016245857495806512,2.6392788577405263e-06,2.3188880800117388e-05,7.644342981335664,0.5549900374026592,0.44500996259734077
2023-09-19,0.0016922195800486695,2.863607107100095e-06,2.20227194089682e-05,7.449647838025625,0.5958675379256865,0.4041324620743136
2023-09-20,0.003241056179457853,1.0504445158401934e-05,2.083953142405138e-05,7.246766119353479,0.6324160427994334,0.36758395720056664
2023-09-21,-0.005068777114727527,2.5692501438785514e-05,2.0091914003030438e-05,7.115590157368305,0.6511098151874467,0.34889018481255335
2023-09-22,0.005270994769017821,2.7783385855013232e-05,2.0235403621527214e-05,7.140953516600468,0.6434790155391898,0.3565209844608102
2023-09-25,0.0034314583712930363,1.1774906553917058e-05,2.080525681130632e-05,7.240804317511413,0.6366240834466249,0.36337591655337514
2023-09-26,0.0012753819483435843,1.6265991141606773e-06,2.0727944368818598e-05,7.227338362732361,0.645005334250469,0.3549946657495309
2023-09-27,0.003749585912989081,1.4059394518886161e-05,1.9790858620045243e-05,7.062079277557993,0.6710802703253099,0.3289197296746902
2023-09-28,-0.0021408986567555024,4.583447058497514e-06,1.9243266051377515e-05,6.963693736047798,0.6811486540499209,0.31885134595007925
2023-09-29,0.0004017677836285285,1.614173519617801e-07,1.857759945456677e-05,6.842189022930328,0.7003931947331854,0.29960680526681455
2023-10-02,0.0032750756139636123,1.0726120277179132e-05,1.751813446790659e-05,6.6442229687996335,0.7289030952998412,0.2710969047001588
2023-10-03,-0.005620999810583213,3.1595638870576516e-05,1.6972195168555504e-05,6.539872462423091,0.7412707580519641,0.25872924194803587
2023-10-04,0.0006708258116995448,4.500072696423532e-07,1.7674075632476085e-05,6.67372988619106,0.7211707234315581,0.278829276568442
2023-10-05,-0.004099054894427343,1.680225102752876e-05,1.7223932659008926e-05,6.588194767969637,0.7375982830974432,0.2624017169025567
2023-10-06,0.005439358003529353,2.958661549055883e-05,1.7002632527615278e-05,6.545734028326426,0.739818622834628,0.26018137716537204
2023-10-09,-0.005439358003529303,2.958661549055828e-05,1.77102144799916e-05,6.680549415248632,0.7238941843995093,0.2761058156004908
2023-10-10,0.0013458046577383997,1.8111901767903712e-06,1.8587683237289794e-05,6.844045715654615,0.71189029240484,0.28810970759515997
2023-10-11,0.0030884944652466604,9.538798061859255e-06,1.80838733656288e-05,6.750656329675254,0.7295576019888053,0.2704423980111947
2023-10-12,0.004281229363451515,1.8328924862479463e-05,1.7433327686927157e-05,6.62812083256306,0.7438199659762581,0.256180034023742
2023-10-13,-0.001603313858055443,2.570615327432629e-06,1.7424597091046722e-05,6.626460946043351,0.7438792541044276,0.25612074589557243
2023-10-16,-0.0004012304453987632,1.609858703148899e-07,1.676908017222607e-05,6.500621665195544,0.7623320306966807,0.23766796930331927
2023-10-17,0.0020045443034542756,4.018197864510987e-06,1.573458313897602e-05,6.296915872887264,0.7872515934633377,0.21274840653666213
2023-10-18,0.0008006939775213461,6.411108456389538e-07,1.494665157205475e-05,6.137227546830733,0.805884744325081,0.19411525567491913
2023-10-19,-0.0008674474236926175,7.524650328709594e-07,1.4081629360517819e-05,5.95698799633715,0.8269246829801099,0.17307531701989007
2023-10-20,0.00040045385304556604,1.603632884190398e-07,1.3231902904375438e-05,5.774460608492027,0.8472389372429117,0.15276106275708828
2023-10-23,-0.0010014354744194399,1.0028730094256887e-06,1.2404297561268152e-05,5.590959654155603,0.8668167658208134,0.13318323417918657
2023-10-24,0.0013350245624780402,1.7822905824196828e-06,1.1673402444318257e-05,5.423741712110009,0.8839399071499671,0.11606009285003285
2023-10-25,0.002132339050108943,4.54686982461951e-06,1.1043720038011798e-05,5.275431214203227,0.8985840552245207,0.10141594477547934
2023-10-26,0.001130958441407349,1.2790669961905404e-06,1.06273892862946e-05,5.17503826086942,0.9087011603133703,0.09129883968662961
2023-10-27,-0.004932356863527086,2.4328144229182757e-05,1.0055537395618309e-05,5.03388063396006,0.9212952609096197,0.07870473909038044
2023-10-30,-0.0037488328815197965,1.405374797356402e-05,1.090749997201095e-05,5.242795049347972,0.9054595958536125,0.09454040414638758
2023-10-31,0.017155816736019073,0.0002943220478798721,1.121886266112388e-05,5.317098259956476,0.9038229412237955,0.0961770587762045
2023-11-01,-0.004824382353863956,2.3274665096273924e-05,1.8747869459138663e-05,6.873472996748401,0.20905964517428435,0.7909403548257156
2023-11-02,-0.00331785307679356,1.1008149039188494e-05,3.343855740382744e-05,9.1796059097134,0.21277579690525414,0.7872242030947458
2023-11-03,-0.007070467021828327,4.999150390676193e-05,3.230740717190076e-05,9.02300759576262,0.22345758784960834,0.7765424121503917
2023-11-06,0.004541515853672289,2.0625366249156745e-05,3.1308148753983184e-05,8.882372141496754,0.21224383282623818,0.7877561671737618
2023-11-07,0.0019970716263305963,3.988295080694733e-06,3.197692863884317e-05,8.976739952225685,0.2151799739401743,0.7848200260598256
2023-11-08,0.004048454177250025,1.6389981225293178e-05,3.079135584593261e-05,8.808757956247305,0.22605733204483783,0.7739426679551622
2023-11-09,0.002447657756248898,5.99102849172539e-06,2.907034282177672e-05,8.559045735996351,0.23215878609078208,0.7678412139092179
2023-11-10,0.0011225939700406085,1.2602172215715346e-06,2.799605420635484e-05,8.399408110100033,0.2410882125947882,0.7589117874052119
2023-11-13,0.0013190873829300688,1.7399915238052979e-06,2.641924033974557e-05,8.159441503936335,0.2530175426942674,0.7469824573057326
2023-11-14,-0.008937793286469362,7.988414883165679e-05,2.4770046619194353e-05,7.900665635272118,0.26512379402573955,0.7348762059742604
2023-11-15,0.006562181769339446,4.306222957385098e-05,2.457603942557155e-05,7.869664500627732,0.2363136034422348,0.7636863965577652
2023-11-16,-0.004170948481130416,1.739681123224412e-05,2.7716386174170106e-05,8.357349649195532,0.23771422482880164,0.7622857751711984
2023-11-17,-0.00732457662710979,5.364942276640302e-05,2.832221083153409e-05,8.448193374649158,0.2393816112811141,0.7606183887188859
2023-11-20,-0.008321637177292994,6.924964531050492e-05,2.8109805600004933e-05,8.416454723457642,0.23175543062655546,0.7682445693734445
2023-11-21,0.0,0.0,2.9957016735055197e-05,8.688594948110948,0.22858070936483008,0.7714192906351699
2023-11-22,0.007719972553734372,5.9597976230412e-05,3.147014045056016e-05,8.90532166378125,0.228799096761164,0.771200903238836
2023-11-23,0.00013373453714363474,1.788492642502222e-08,3.0124478752314253e-05,8.712846059459098,0.22048973871612454,0.7795102612838755
2023-11-24,-0.0008026756283805144,6.442881643960536e-07,3.116436914047089e-05,8.861952958235936,0.2208630836340582,0.7791369163659417
2023-11-27,-0.005031372771400623,2.5314711964791588e-05,2.9019358187701973e-05,8.551536857957695,0.2280348394822979,0.7719651605177021
2023-11-28,-0.008171028343188192,6.676570418518476e-05,2.7478606813110136e-05,8.321423506169936,0.22868640388317377,0.7713135961168262
2023-11-29,-0.001628664855123229,2.652549210313569e-06,2.7913591339733567e-05,8.387028685781909,0.2246064781548675,0.7753935218451324
2023-11-30,0.006498804351165943,4.2234457994733395e-05,2.9571237486353057e-05,8.63246885112305,0.22240840608855988,0.7775915939114402
2023-12-01,-0.009355366179351161,8.752287634974754e-05,2.8300669643275066e-05,8.444980017800704,0.21978525834780674,0.7802147416521933
2023-12-04,0.0026527920872865944,7.037305858370366e-06,2.9787355818825224e-05,8.663956178527195,0.21922991005839695,0.7807700899416031
2023-12-05,-0.0004076640904399619,1.6619001063424145e-07,3.242016575423023e-05,9.038739829238377,0.21585891300845486,0.7841410869915452
2023-12-06,0.0010867351473651315,1.180993280518714e-06,3.052989529883873e-05,8.771279048865885,0.22040925583296167,0.7795907441670383
2023-12-07,-0.021823539731835682,0.0004762668864270106,2.8487001923364104e-05,8.472735381615406,0.22494734390280205,0.7750526560971979
2023-12-08,0.0056731852726531,3.218503113784802e-05,3.1551544977591046e-05,8.916832023960609,0.16618065068598517,0.8338193493140148
2023-12-11,0.008313056702086822,6.910691173211062e-05,5.5934325256816486e-05,11.872426021971144,0.16219183003539214,0.8378081699646079
2023-12-12,-0.004869527128540654,2.3712294455593388e-05,5.379388814153121e-05,11.643049347858089,0.1613734619873797,0.8386265380126202
2023-12-13,-0.017757281460331967,0.0003153210448614494,5.34835861283326e-05,11.609420185495836,0.16152343316217516,0.8384765668378248
2023-12-14,-0.007022993961656771,4.932244418546746e-05,5.340256029644181e-05,11.600622912026465,0.15370790235670956,0.8462920976432904
2023-12-15,0.0018307285777870218,3.3515671255260916e-06,6.71568534070446e-05,13.009045721564375,0.15204022835378508,0.8479597716462149
2023-12-18,0.004422145977305679,1.95553750446008e-05,6.427510284085805e-05,12.726871538558182,0.15249534636789508,0.8475046536321048
2023-12-19,0.007396586648995616,5.47094940561002e-05,5.928086152990707e-05,12.222429016172105,0.15327511050757853,0.8467248894924215
2023-12-20,-0.0018788495837076561,3.530075758198433e-06,5.603278670244372e-05,11.882870970020594,0.1532281439616809,0.8467718560383191
2023-12-21,-0.010150949986776134,0.0001030417856340304,5.4611013489936655e-05,11.731144615707386,0.15061924858220674,0.8493807514177932
2023-12-22,0.0020384500785098885,4.15527872257697e-06,5.1395744785944816e-05,11.380565753097732,0.1517835894756101,0.8482164105243899
2023-12-25,-0.00042140750728977,1.7758428720017754e-07,5.31597092038351e-05,11.574215618937831,0.14627713692884636,0.8537228630711537
2023-12-26,0.00035118525382882456,1.2333108250681593e-07,4.9189959363590684e-05,11.13367403853052,0.14427022096061062,0.8557297790393894
2023-12-27,-0.0040108416713592,1.6086850912711462e-05,4.539555409668508e-05,10.695643801270048,0.14167273020425442,0.8583272697957456
2023-12-28,-0.002965684986831121,8.795287441115506e-06,4.211654434476507e-05,10.302120740352832,0.13952471601116467,0.8604752839888353
2023-12-29,-0.002619934230070337,6.864055369894249e-06,4.00030968837262e-05,10.040308966709642,0.13594719735379268,0.8640528026462073
2024-01-01,-0.0010640940244295118,1.1322960928265944e-06,3.7671034501857194e-05,9.743254432923331,0.1322906177796165,0.8677093822203834
2024-01-02,0.0077771885210810646,6.0484661292435076e-05,3.541339406122316e-05,9.446785328051144,0.1279251275254125,0.8720748724745876
2024-01-03,0.009113916142245127,8.306346744787629e-05,3.35574344836965e-05,9.19590859561551,0.1306965798838515,0.8693034201161486
2024-01-04,0.009308208357129142,8.664274281972881e-05,3.5546424752725954e-05,9.464512157362861,0.14050855121673866,0.8594914487832614
2024-01-05,0.0,0.0,3.865713224629555e-05,9.869953052606926,0.15077271001627776,0.8492272899837222
2024-01-08,-0.0027695094902217615,7.6701828164284e-06,4.075541298001066e-05,10.134280473207108,0.14346741751556769,0.8565325824844323
2024-01-09,0.00173184207325634,2.999276966700818e-06,3.78674996303181e-05,9.76862831048462,0.14130540167331795,0.8586945983266819
2024-01-10,0.008820343842972886,7.77984655082697e-05,3.565918319822465e-05,9.479511678326375,0.13814925811996376,0.8618507418800363
2024-01-11,-0.0032296884284006926,1.0430887344545335e-05,3.407308043075532e-05,9.266291744031342,0.1419807732304986,0.8580192267695014
2024-01-12,-0.0028259315080894367,7.985888888412638e-06,3.6267351147574854e-05,9.560006532000314,0.13678934896913514,0.8632106510308648
2024-01-15,0.005849780970447222,3.421993740220645e-05,3.4416322711830766e-05,9.312847751027263,0.13430573593491524,0.8656942640650847
2024-01-16,0.009968674658890087,9.937447445479739e-05,3.283089220637958e-05,9.095814881585737,0.13416584524380387,0.8658341547561961
2024-01-17,0.006568501693373926,4.3145214495856136e-05,3.350585019249141e-05,9.18883792898092,0.1430013314150853,0.8569986685849147
2024-01-18,0.0,0.0,3.727300135284161e-05,9.691643999299648,0.1444231133757401,0.8555768866242598
2024-01-19,-0.00027001485245727557,7.29080205475243e-08,3.7094362925626435e-05,9.668391519408935,0.14065463187920232,0.8593453681207976
2024-01-22,-0.0001350347716588562,1.8234389556959432e-08,3.4502264834946876e-05,9.324468209183092,0.138984890877274,0.8610151091227259
2024-01-23,0.0016866254630777647,2.8447054527022843e-06,3.2172453511855534e-05,9.004142538291804,0.13697814029829225,0.8630218597017076
2024-01-24,-0.005678376644873173,3.224396132104111e-05,3.009441143355984e-05,8.708496817050047,0.13493211178651127,0.8650678882134888
2024-01-25,0.0010163635390618528,1.0329948435343344e-06,2.8627331491436787e-05,8.493578477792543,0.13502815826660003,0.8649718417333999
2024-01-26,0.0033129403885549125,1.0975574018118375e-05,2.871877185627479e-05,8.507132600225088,0.1310473377356766,0.8689526622643233
2024-01-29,-0.0043970982396997595,1.9334472929570724e-05,2.7100205480378912e-05,8.26392871523919,0.129788672556804,0.870211327443196
2024-01-30,0.0007454847690310298,5.557475408572477e-07,2.627634682473062e-05,8.137345635913542,0.12899169140744207,0.8710083085925578
2024-01-31,-0.00468543959743901,2.1953344221249433e-05,2.586330939157308e-05,8.073136916141346,0.12621884167019182,0.8737811583298082
2024-02-01,-0.0033407223843006126,1.116042604896717e-05,2.4574667180148502e-05,7.869444789435544,0.12597893049630998,0.87402106950369
2024-02-02,0.013229052194213952,0.00017500782195723697,2.4560117795849933e-05,7.867114899729242,0.12452166899116199,0.875478331008838
2024-02-05,0.0020197946676715275,4.079570499554336e-06,2.525068576531305e-05,7.97694980105735,0.13393569827850718,0.8660643017214928
2024-02-06,-0.004989559269329843,2.489570170215536e-05,3.3841810406823906e-05,9.23479085985147,0.125325923702107,0.8746740762978931
2024-02-07,0.001620964828789227,2.6275269761716883e-06,3.195185157763978e-05,8.973219376324879,0.12551803760754887,0.8744819623924511
2024-02-08,0.007663903057872085,5.87354100804611e-05,3.128542868516157e-05,8.879148623973311,0.12507031935854973,0.8749296806414503
2024-02-09,-0.000200930980884369,4.037325907915466e-08,2.9821908345345567e-05,8.66897969949583,0.1245888018114451,0.8754111981885548
2024-02-12,0.00040182159662006256,1.6146059551029628e-07,3.130469770109661e-05,8.881882582356257,0.1222480124626362,0.8777519875373637
2024-02-13,0.009661910911737109,9.335252246634461e-05,2.9248153840396045e-05,8.585181866320482,0.12302097186327966,0.8769790281367202
2024-02-14,-0.0014599511518794664,2.131457365874181e-06,2.808760421416954e-05,8.41313036982711,0.12169873148498295,0.8783012685150171
2024-02-15,-0.004325985915164503,1.8714154138201664e-05,3.177220397230267e-05,8.947958091665535,0.11798135597635225,0.8820186440236478
2024-02-16,0.001865796503151358,3.4811965911718353e-06,2.991556784384788e-05,8.682582044904423,0.11835095876287535,0.8816490412371246
2024-02-19,-0.0005327295857495973,2.8380081153293753e-07,2.9101906818374848e-05,8.563691095684419,0.1183092797743223,0.8816907202256776
2024-02-20,-0.0007996268834146342,6.39403152679401e-07,2.7461348724075878e-05,8.31880993800623,0.11896477663828484,0.8810352233617151
2024-02-21,0.0019313382181300718,3.730067312809841e-06,2.580205945852427e-05,8.063571779024551,0.1196946565001488,0.8803053434998512
2024-02-22,0.0015291031134836996,2.338156331665544e-06,2.4351186300312926e-05,7.833580884677746,0.12028910863518136,0.8797108913648186
2024-02-23,-0.000132872708141331,1.765515656881133e-08,2.3212816652485393e-05,7.6482872569133535,0.12078875690057705,0.8792112430994229
2024-02-26,0.0012615784681784129,1.5915802313713908e-06,2.2087590717387966e-05,7.460611811897043,0.12154663599936795,0.8784533640006321
2024-02-27,-0.001261578468178439,1.5915802313714565e-06,2.0948258345310124e-05,7.265645947208102,0.12254867774342595,0.877451322256574
2024-02-28,0.0011952192657918876,1.428549093320099e-06,2.000962247566707e-05,7.101003354363454,0.12365164574185668,0.8763483542581432
2024-02-29,-0.004722794556819714,2.230478842592592e-05,1.9158174720544953e-05,6.948280384078731,0.12503695064171155,0.8749630493582885
2024-03-01,0.0009330223935768789,8.705307869159283e-07,1.8535877907158775e-05,6.834501615044078,0.12466547112698502,0.875334528873015
2024-03-04,0.0027274256055923787,7.438850434040954e-06,1.9012362759686534e-05,6.9217883638847315,0.1252181464642522,0.8747818535357479
2024-03-05,-0.003193827986036379,1.0200537204389194e-05,1.824539758922797e-05,6.780737564959619,0.12688431765735247,0.8731156823426475
2024-03-06,-0.0044751769574556104,2.0027208800541656e-05,1.795007515495662e-05,6.725636727514406,0.12799343217723178,0.8720065678227682
2024-03-07,-0.00894334038132026,7.99833371761536e-05,1.791562866836259e-05,6.7191803253279145,0.12751329869312344,0.8724867013068766
2024-03-08,-0.006709387779524147,4.501588437602797e-05,1.88890409677666e-05,6.899303098050688,0.11902761325510626,0.8809723867448936
2024-03-11,-0.000748273903149947,5.599138341352563e-07,2.297103310862813e-05,7.608350901065414,0.12124795163442631,0.8787520483655736
2024-03-12,0.004955377889615711,2.455577002889226e-05,2.4278171705621533e-05,7.821827963984268,0.12267690473310115,0.8773230952668989
2024-03-13,0.0005415651364424427,2.9329279700992154e-07,2.3060802019040098e-05,7.623202810366587,0.12227189271835102,0.877728107281649
2024-03-14,0.003850185444536716,1.482392795732239e-05,2.3161165825301377e-05,7.6397734180903205,0.12502468563758376,0.8749753143624162
2024-03-15,0.004775204957811926,2.28025823891116e-05,2.1961717144137144e-05,7.439323033934311,0.1264084355232358,0.8735915644767641
2024-03-18,0.0007377846674246217,5.443262154868595e-07,2.178444837027296e-05,7.409238145254063,0.12604891652128702,0.873951083478713
2024-03-19,0.011399743464727288,0.0001299541510615925,2.190005411979142e-05,7.428871810838736,0.12899405697059962,0.8710059430294003
2024-03-20,0.0026479560023984694,7.011670990638083e-06,2.1645083611835768e-05,7.38550003058873,0.10535606654174604,0.894643933458254
2024-03-21,0.002377180200274418,5.650985704576723e-06,2.8179111223812057e-05,8.42682385504802,0.1032368435765262,0.8967631564234739
2024-03-22,-0.0013860016078772516,1.9210004570383267e-06,2.6773657048411033e-05,8.213989028602107,0.10596030600840547,0.8940396939915946
2024-03-25,6.604365487974896e-05,4.361764349875388e-09,2.5406147892053124e-05,8.001468158280321,0.10915972531170039,0.8908402746882997
2024-03-26,0.0009241534752394764,8.540596457972015e-07,2.3943979912332925e-05,7.767807243944651,0.11281068549921033,0.8871893145007897
2024-03-27,-0.001518703451465129,2.3064601734920958e-06,2.2523293061433147e-05,7.533836905243671,0.11647907355416041,0.8835209264458396
2024-03-28,0.0003303491820863615,1.0913058210512804e-07,2.1305843364838333e-05,7.327395531796588,0.11992452732974754,0.8800754726702524
2024-03-29,-0.00019819641329376787,3.9281818242514045e-08,2.0275200702533086e-05,7.14797214392889,0.12384662731743494,0.8761533726825652
2024-04-01,0.001980198666862501,3.921186760244025e-06,1.9215377200912904e-05,6.958645740824901,0.12818828405224275,0.8718117159477572
2024-04-02,-0.0005936479841901054,3.5241792913297563e-07,1.82869361843567e-05,6.78845189896628,0.13182688416499425,0.8681731158350058
2024-04-03,0.0009233002040863559,8.524832668659065e-07,1.7636759313208045e-05,6.66668084351458,0.1364467597218581,0.8635532402781418
2024-04-04,-0.0023759250881109943,5.645020024315236e-06,1.6843208429627678e-05,6.514973924941046,0.14166569316272,0.85833430683728
2024-04-05,0.001848429361782375,3.4166911054991985e-06,1.6197904279606556e-05,6.388952870745605,0.1454518347862054,0.8545481652137946
2024-04-08,0.0013182179604642158,1.7376985912904368e-06,1.5857864278131614e-05,6.321536046001136,0.1501012965433082,0.8498987034566917
2024-04-09,-0.0003952829618634152,1.5624861993951415e-07,1.539658565780712e-05,6.228916106167586,0.1561885521563598,0.8438114478436401
2024-04-10,0.009182800982334982,8.432383388117231e-05,1.48551439804647e-05,6.118411789898669,0.16400066818081854,0.8359993318191815
2024-04-11,0.0007179454017225544,5.1544559985456e-07,1.5112407717473709e-05,6.171164189035465,0.121376178486118,0.8786238215138819
2024-04-12,-0.0002610114207315489,6.812696175230163e-08,1.943347784706336e-05,6.998025734062405,0.12074983423539389,0.8792501657646061
2024-04-15,0.006829072749942186,4.663623462400293e-05,1.842013122563174e-05,6.813129287529482,0.12731806094739265,0.8726819390526074
2024-04-16,0.00284789836495712,8.110525097125436e-06,1.7899828264609756e-05,6.716216734651778,0.11474713912365352,0.8852528608763465
2024-04-17,-0.00213516305114903,4.5589212549920356e-06,1.9811507342858694e-05,7.065762414913476,0.11620792561807276,0.8837920743819272
2024-04-18,0.0016179662462401806,2.6178147739725406e-06,1.924005835540881e-05,6.9631133162997,0.12045417197481173,0.8795458280251883
2024-04-19,0.0,0.0,1.8496710473668897e-05,6.827276938402721,0.12573589162720245,0.8742641083727977
2024-04-22,0.0013570715191363,1.841643108050905e-06,1.7683687570874605e-05,6.675544373203134,0.13251360916466404,0.867486390835336
2024-04-23,-0.000129165590466193,1.6683749760480287e-08,1.6813183051615054e-05,6.509164407976645,0.13913040437842522,0.8608695956215748
2024-04-24,0.003352895010310747,1.1241904950166704e-05,1.610691025594546e-05,6.370982172709525,0.14705878063177555,0.8529412193682244
2024-04-25,0.0019292610485607791,3.722048193493837e-06,1.5493468841373906e-05,6.248483134350467,0.14874574522292125,0.8512542547770787
2024-04-26,0.017071565625725687,0.00029143835291345886,1.5479736008657976e-05,6.2457133092880674,0.15447387931814094,0.8455261206818592
2024-04-29,-0.012584378609492648,0.0001583665849870561,1.635995230766122e-05,6.42083170744307,0.04103686936257273,0.9589631306374273
2024-04-30,0.00923132450792359,8.52173521705907e-05,3.4466370323302864e-05,9.31961658088589,0.07896167079150627,0.9210383292084938
2024-05-01,-0.020681340247546753,0.00042771783443479723,4.1885968556050876e-05,10.273881484679888,0.07975804028788112,0.920241959712119
2024-05-02,-0.00603486468652314,3.641959178464403e-05,4.557885756357002e-05,10.71721610588293,0.06956565144434193,0.930434348555658
2024-05-03,-0.0038475380862823694,1.4803549325393398e-05,6.819138730163212e-05,13.108863261172305,0.06836547802589296,0.931634521974107
2024-05-06,0.005668321525974736,3.2129868921828556e-05,6.444035402248314e-05,12.743221419117598,0.06951169800965412,0.9304883019903459
2024-05-07,0.004990127331177217,2.4901370781361856e-05,5.985427282663337e-05,12.281399249398095,0.07016501030466343,0.9298349896953365
2024-05-08,0.005415524807895265,2.9327908944929047e-05,5.679211525699101e-05,11.963115415627207,0.07061473317890771,0.9293852668210923
2024-05-09,-0.00032153307244636476,1.0338351667679924e-07,5.36405418550464e-05,11.626442511564616,0.07087596124847884,0.9291240387515213
2024-05-10,0.0019276495077800786,3.7158326248447797e-06,5.097462339388176e-05,11.333845373595938,0.07105630945882295,0.928943690541177
2024-05-13,0.002820514690348855,7.955303118473697e-06,4.682680579177989e-05,10.86294391936575,0.07135148502726892,0.9286485149727312
2024-05-14,0.001279426991314128,1.6369334261031217e-06,4.335621758931531e-05,10.452639299481953,0.0713209067816032,0.9286790932183968
2024-05-15,-0.00989407364519843,9.789269329661013e-05,4.048277881987429e-05,10.10032685738849,0.07096777566403627,0.9290322243359637
2024-05-16,0.0032874622703757293,1.0807408179143944e-05,3.7941525831621695e-05,9.778171868794631,0.07163073020077115,0.9283692697992288
2024-05-17,0.0016718110889746207,2.794952317218507e-06,4.116171424104554e-05,10.184670828624496,0.06995118316701955,0.9300488168329805
2024-05-20,0.0039113896809810445,1.5298969236484998e-05,3.870560054162477e-05,9.876138585747693,0.06936040057001122,0.9306395994299886
2024-05-21,-0.0005761290688438319,3.319247039668608e-07,3.6069231779396365e-05,9.53385882442565,0.06894708020013737,0.9310529197998627
2024-05-22,0.004025950416553278,1.6208276756545515e-05,3.440947402263654e-05,9.311921098089487,0.06790053976143404,0.9320994602385658
2024-05-23,0.0008287381343219089,6.868068952793584e-07,3.2072129306743265e-05,8.990092649855898,0.06742669781357138,0.9325733021864286
2024-05-24,0.0003822630015967585,1.461250023897634e-07,3.088496748139431e-05,8.822137952509793,0.06616996653605357,0.9338300334639464
2024-05-27,-0.0007009271641353461,4.912988894228185e-07,2.8867093021275002e-05,8.52907230674081,0.06518259977434886,0.9348174002256512
2024-05-28,0.001846840200147233,3.4108187248798717e-06,2.7024896991071037e-05,8.252438452814962,0.06415777878193993,0.93584222121806
2024-05-29,0.0029859302385649334,8.91577938957644e-06,2.5403986155068952e-05,8.001127739936024,0.06320858201927566,0.9367914179807243
2024-05-30,-0.005215301524026962,2.719936998651795e-05,2.4149110362163143e-05,7.801010070026261,0.06244879093130512,0.9375512090686948
2024-05-31,0.003119730031637503,9.732715470300936e-06,2.3430990282182707e-05,7.684145724223379,0.06253391602267672,0.9374660839773233
2024-06-03,-0.007849684519557622,6.161754705658257e-05,2.384187565805641e-05,7.751227429143218,0.06158870009477283,0.9384112999052272
2024-06-04,-0.007718072786588976,5.9568647539085316e-05,2.3331456438611293e-05,7.667807393596977,0.06297546446961008,0.93702453553039
2024-06-05,0.007910263440308395,6.25722676950796e-05,2.6066297084252538e-05,8.104755927991688,0.06577912926158652,0.9342208707384135
2024-06-06,-0.0032080099371567627,1.0291327756896537e-05,2.8395567382917435e-05,8.459127011988409,0.06781363120521465,0.9321863687947854
2024-06-07,0.007299302481611535,5.327981671806032e-05,3.0445203598676073e-05,8.759104581443454,0.0669098646651176,0.9330901353348824
2024-06-10,0.001848370455175397,3.416473339565304e-06,2.9251733340182635e-05,8.58570719377619,0.06697567169276882,0.9330243283072311
2024-06-11,0.0005729382338348675,3.2825821978981735e-07,3.061762045875376e-05,8.783871786180596,0.06605883719891628,0.9339411628010837
2024-06-12,-0.002612714565755077,6.82627740210874e-06,2.8771378881881377e-05,8.514920714976803,0.06616679052593474,0.9338332094740652
2024-06-13,0.001976096260577201,3.904956431067197e-06,2.69525147126601e-05,8.241379561451073,0.06624121785556905,0.933758782144431
2024-06-14,0.0023534660864404197,5.538802620025185e-06,2.570812412606042e-05,8.048880220109643,0.06614700525531597,0.9338529947446841
2024-06-17,0.00215777198654199,4.655979945905367e-06,2.4418007091024114e-05,7.8443213772372165,0.06610885905910559,0.9338911409408944
2024-06-18,0.0007604563104115124,5.782938000446905e-07,2.3355908955482133e-05,7.6718244614833955,0.06604079143645952,0.9339592085635405
2024-06-19,0.0014559268278399257,2.1197229280240286e-06,2.2330599732074208e-05,7.5015405967592415,0.06601729256657227,0.9339827074334276
2024-06-20,0.005299362600631905,2.8083243972976145e-05,2.116394745954644e-05,7.302954716966075,0.06614919771155645,0.9338508022884435
2024-06-21,0.005459179623446163,2.9802642161049793e-05,2.031202548977009e-05,7.1544604432633925,0.06609246841429225,0.9339075315857076
2024-06-24,-0.0011270428843114663,1.2702256630771092e-06,2.11447002953534e-05,7.299633192448137,0.06631532642637931,0.9336846735736206
2024-06-25,0.0005010647731039051,2.5106590684566786e-07,2.1879209749889222e-05,7.425335586336878,0.06600580743604378,0.9339941925639563
2024-06-26,0.006926488644966629,4.797624494885165e-05,2.077779599854912e-05,7.23602417881144,0.06667948550212256,0.9333205144978776
2024-06-27,-0.00031097428493295884,9.670500588956508e-08,1.99149603336973e-05,7.084186618159999,0.06559521804556774,0.9344047819544323
2024-06-28,0.0007461758833961934,5.567784489620896e-07,2.187975519376691e-05,7.4254281417499834,0.06499785237201618,0.935002147627984
2024-07-01,0.0035986885024728325,1.2950558937830157e-05,2.0695515985527604e-05,7.221682649045828,0.06603911335747102,0.933960886642529
2024-07-02,-0.0001238773615707108,1.534560070972062e-08,1.9709687956857165e-05,7.047582113837344,0.0664252866628118,0.9335747133371882
2024-07-03,0.0015473651464243988,2.394338896369001e-06,1.9530023587590595e-05,7.015387333620882,0.06723006648122411,0.9327699335187758
2024-07-04,-0.002538936868719421,6.446200423342778e-06,1.8579918425877877e-05,6.842616051862932,0.06844172279899541,0.9315582772010046
2024-07-05,-0.0032916217652750566,1.083477384563248e-05,1.7887111943158614e-05,6.713830657438398,0.06935470461723986,0.9306452953827601
2024-07-08,0.0004975433898273524,2.4754942476089276e-07,1.7528695321849416e-05,6.646225410792243,0.06987028046305183,0.9301297195369482
2024-07-09,0.0031040501704964136,9.635127460958814e-06,1.7423509848035036e-05,6.62625420709531,0.07129541958134097,0.9287045804186589
2024-07-10,0.0022289650736705053,4.968285299642961e-06,1.671928986965303e-05,6.490963755215834,0.07212704861578621,0.9278729513842139
2024-07-11,-0.01778351548867249,0.0003162534231358544,1.6634085503295054e-05,6.474403097452577,0.07340278113331555,0.9265972188666844
2024-07-12,-0.006378901852225129,4.069038884032119e-05,1.7115454609903793e-05,6.567415444218339,0.03894603867963188,0.961053961320368
2024-07-15,0.0014562033660035529,2.1205282431600773e-06,3.642367674789148e-05,9.580587946712171,0.04224501172554435,0.9577549882744557
2024-07-16,0.0018330652078193954,3.3601280561179633e-06,3.623838776848377e-05,9.55618842303662,0.04299939689992655,0.9570006031000735
2024-07-17,-0.013670535579063257,0.00018688354301843438,3.36548137540233e-05,9.209241589845426,0.04406209578838955,0.9559379042116104
2024-07-18,0.007462483207187604,5.568865561755698e-05,3.1880270572698733e-05,8.963162491174687,0.039071492049243844,0.9609285079507562
2024-07-19,0.000698745462763585,4.882452217326966e-07,4.153966382520004e-05,10.23132214523148,0.03977306919639723,0.9602269308036028
2024-07-22,-0.002797916107331097,7.828334543662797e-06,4.1785121706409444e-05,10.261506063933881,0.04009852892037347,0.9599014710796264
2024-07-23,-0.00927620764133416,8.604802820514624e-05,3.854956014293598e-05,9.856210811473073,0.04070650022752217,0.9592934997724779
2024-07-24,-0.010986280851111153,0.0001206983669394916,3.6312905851058816e-05,9.56600871548151,0.039972430431940556,0.9600275695680595
2024-07-25,0.0003248546304110898,1.0553053089952573e-07,3.93286083496739e-05,9.955304768874644,0.04075956843000215,0.9592404315699979
2024-07-26,-0.0011699708841890514,1.3688318698501107e-06,4.392088979812649e-05,10.520486789653736,0.04014597907018029,0.9598540209298198
2024-07-29,0.0016895188891217683,2.854474076699254e-06,4.044427691744448e-05,10.095522662644074,0.04060737942241647,0.9593926205775836
2024-07-30,-0.008148941733472562,6.640525137553081e-05,3.742192149215549e-05,9.710985643086486,0.04091898026306589,0.9590810197369342
2024-07-31,-0.018431570504388307,0.00033972279125823703,3.497003786030376e-05,9.387464801956142,0.04075425507327595,0.9592457449267242
2024-08-01,-0.004142452639776042,1.7159913872787496e-05,3.753969806802413e-05,9.726255144269084,0.045457244364343244,0.9545427556356568
2024-08-02,-0.019129313583533467,0.00036593063817715797,5.60855827971122e-05,11.88846788483372,0.04371202917111452,0.9562879708288855
2024-08-05,-0.016167666673501183,0.0002613934456654408,5.336209041063857e-05,11.596226448065302,0.0421512721769297,0.9578487278230703
2024-08-06,0.0011091086676946538,1.23012203675541e-06,7.268265590970787e-05,13.533672557456969,0.049218588906168946,0.950781411093831
2024-08-07,0.01608171555899813,0.0002586215753205225,8.258476951527121e-05,14.426143600369553,0.04815606922228791,0.951843930777712
2024-08-08,0.003742646674191857,1.4007404127839367e-05,7.595740420184507e-05,13.835196369717693,0.0474191760200498,0.9525808239799503
2024-08-09,-0.004219989927143859,1.780831498519563e-05,8.544596476587054e-05,14.673916696301426,0.046421008541466996,0.9535789914585329
2024-08-12,0.004084138819748638,1.6680189898977798e-05,7.867209348145525e-05,14.080258363157519,0.04644062824556948,0.9535593717544306
2024-08-13,-0.002516580141288194,6.333175607526106e-06,7.286134562353789e-05,13.55029855653799,0.046269432514355335,0.9537305674856447
2024-08-14,0.0033314100906293312,1.1098293191946928e-05,6.757440938562126e-05,13.04942572114825,0.045892815842605385,0.9541071841573946
2024-08-15,0.013148768379770607,0.00017289010990485535,6.221775200355576e-05,12.521530858843121,0.04544067923927204,0.954559320760728
2024-08-16,-0.011114593553037233,0.00012353418984921682,5.819727552246327e-05,12.11020785604473,0.04667820082694706,0.953321799173053
2024-08-19,-0.0070695692440567726,4.9978809296513446e-05,6.461196229191055e-05,12.760178093412906,0.04834463063749392,0.9516553693625062
2024-08-20,-0.009114334123917689,8.307108652241042e-05,6.703802565103404e-05,12.997531482577982,0.047930656581889074,0.952069343418111
2024-08-21,-0.0003442696353759332,1.18521581841878e-07,6.472645139821341e-05,12.771478282622487,0.04809079622432183,0.9519092037756782
2024-08-22,0.00740998244734864,5.490783987001494e-05,6.448492361226734e-05,12.74762752448132,0.04683880017588297,0.9531611998241171
2024-08-23,-0.01321150434827146,0.00017454384714439566,5.925364956970615e-05,12.219623435918944,0.04667986031969019,0.9533201396803098
2024-08-26,0.0011076498190273935,1.2268881215914175e-06,5.838972645694002e-05,12.13021478257862,0.04896371160542214,0.9510362883945778
2024-08-27,-0.00395161524992057,1.561526308340481e-05,6.454206838873645e-05,12.753274573207301,0.046941830888810106,0.9530581691111898
2024-08-28,0.004366667829205006,1.9067787930613962e-05,5.928364302087162e-05,12.222715754389304,0.04627764799811458,0.9537223520018855
2024-08-29,0.0027626234850674997,7.632088520246498e-06,5.5489820477804936e-05,11.825157402929925,0.04550680544567046,0.9544931945543296
2024-08-30,0.008105553376098718,6.569999553278533e-05,5.227905653037093e-05,11.47794504502155,0.044440213002245224,0.9555597869977549
2024-09-02,0.005117893050265125,2.619282927395206e-05,4.885940124993486e-05,11.096201654162376,0.044628874544806164,0.9553711254551939
2024-09-03,-0.00984960083267826,9.701463656309626e-05,4.932389848682917e-05,11.148821650148033,0.04374176902902448,0.9562582309709756
2024-09-04,-0.012032508078491566,0.0001447812506589648,4.7477006603740496e-05,10.938101144230934,0.04483183827485075,0.9551681617251492
2024-09-05,-0.0020195696129229335,4.078661421441687e-06,5.0443772817798455e-05,11.274675494259343,0.04812300723274606,0.951876992767254
2024-09-06,-0.008049037331566904,6.478700196495767e-05,5.5616691420005645e-05,11.838668099850349,0.04617497382754755,0.9538250261724524
2024-09-09,0.006165074872232189,3.800814818022874e-05,5.164227378131059e-05,11.40782757271965,0.046262429885689946,0.95373757011431
2024-09-10,-0.005181721558462047,2.6850238309430344e-05,5.180820489543947e-05,11.426140045374355,0.045767238175559104,0.954232761824441
2024-09-11,-0.000561797767584979,3.156167316634661e-07,5.025001661502292e-05,11.253001460493008,0.045099788196379366,0.9549002118036205
2024-09-12,-0.003800412766141389,1.4443137193050444e-05,4.8081607784354796e-05,11.007527043644913,0.043893531990200726,0.9561064680097993
2024-09-13,-0.006863153553469039,4.71028766984947e-05,4.451678475291786e-05,10.591614493426063,0.04311939790834097,0.956880602091659
2024-09-16,-0.0016342775513663065,2.6708631148998505e-06,4.2303027907760926e-05,10.324903405241017,0.043074570604821685,0.9569254293951783
2024-09-17,0.012649004460320969,0.00015999731383721977,4.224468280529123e-05,10.317780801574235,0.041656887987216264,0.9583431120127838
2024-09-18,-0.0008429926737363838,7.106366479732173e-07,3.9856844145394094e-05,10.021938297873977,0.044524851144318686,0.9554751488556813
2024-09-19,0.0023866359777309533,5.696031290199784e-06,4.7121807796664715e-05,10.897107673488184,0.04224490410020132,0.9577550958997987
2024-09-20,0.008517225462225997,7.254312957439085e-05,4.365495356607977e-05,10.488588226568961,0.041513343588502075,0.958486656411498
2024-09-23,-0.001669797925029409,2.7882251104325197e-06,4.1042161816414324e-05,10.16986960473752,0.04202984471128706,0.9579701552887129
2024-09-24,-0.002649562280753731,7.020180279592912e-06,4.271678225511544e-05,10.375273070280654,0.040657610473520796,0.9593423895264792
2024-09-25,0.010556386661331022,0.00011143729934352753,3.984151655833372e-05,10.020011064215497,0.039942853240354265,0.9600571467596457
2024-09-26,0.0004144218874066633,1.717455007617011e-07,3.780762239694707e-05,9.76090203005371,0.04145365668762978,0.9585463433123703
2024-09-27,-0.01811769995590625,0.00032825105169224537,4.2258570135886873e-05,10.319476573084263,0.039737499997342794,0.9602625000026572
2024-09-30,0.00993571005912637,9.871833437902496e-05,4.0148264300788675e-05,10.058510130132964,0.04434079635654382,0.9556592036434561
2024-10-01,-0.00041782730412884175,1.7457965607557563e-07,5.82364706969721e-05,12.114285210294899,0.04744777386407523,0.9525522261359248
2024-10-02,0.019997908190613298,0.00039991633200019844,5.9727258300273415e-05,12.268361378631175,0.04655045138689938,0.9534495486131007
2024-10-03,0.0031356535576392793,9.83232323353587e-06,5.60726598893899e-05,11.887098170759025,0.04830389827391951,0.9516961017260805
2024-10-04,0.011974570578254344,0.0001433903405335946,7.664907879625295e-05,13.898045854239992,0.046046888458975234,0.9539531115410247
2024-10-07,-0.003503102477598362,1.2271726968555783e-05,7.107927268636049e-05,13.383563321090108,0.04617603450348456,0.9538239654965155
2024-10-08,0.00013496187347544945,1.8214707292003227e-08,7.410260539244107e-05,13.665231999089936,0.04537333419555256,0.9546266658044474
2024-10-09,0.007461968676586024,5.568097653035098e-05,6.857712882394795e-05,13.14588774622501,0.04503404517033342,0.9549659548296665
2024-10-10,-0.004968453889311059,2.468553405021019e-05,6.30228670242751e-05,12.602286494964844,0.04494063395763661,0.9550593660423634
2024-10-11,0.0037621811254292857,1.4154006820536368e-05,6.146024760817798e-05,12.44507227671292,0.044387423183670005,0.95561257681633
2024-10-14,0.0042156039545910495,1.7771316701963696e-05,5.8094538607805135e-05,12.099513927909209,0.04378772493789642,0.9562122750621035
2024-10-15,-0.003746324959621427,1.4034950703082488e-05,5.443356261263271e-05,11.712069748077598,0.043218001310295864,0.956781998689704
2024-10-16,0.002944721710284852,8.671385951022945e-06,5.1374335446882036e-05,11.378195169979408,0.04252737949039492,0.957472620509605
2024-10-17,0.003801905530017743,1.4454485659179497e-05,4.838675328617091e-05,11.042400929197903,0.04172520958245671,0.9582747904175434
2024-10-18,-0.004537273414210763,2.05868500353038e-05,4.538918874208661e-05,10.694893904572325,0.04102015391181414,0.9589798460881858
2024-10-21,0.008722630794403951,7.60842879754841e-05,4.3083310536083854e-05,10.419690136992141,0.04040088566040716,0.9595991143395928
2024-10-22,0.001589825454099777,2.5275449745035626e-06,4.155201118131208e-05,10.232842624457119,0.041093243692963397,0.9589067563070365
2024-10-23,0.01105856451305926,0.00012229184908949358,4.3473347329006914e-05,10.466749030577613,0.03969054601349469,0.9603094539865054
2024-10-24,-0.006106588463218956,3.729042265911885e-05,4.087698281676494e-05,10.149384055116235,0.04112442882404536,0.9588755711759547
2024-10-25,0.0031564437333163266,9.963137041591909e-06,4.5865957520076766e-05,10.750916842325283,0.040771071078305306,0.9592289289216946
2024-10-28,0.0064136345506033456,4.113470814869298e-05,4.491093963203002e-05,10.638400625691611,0.04002808351199926,0.9599719164880007
2024-10-29,0.0004565465593730882,2.0843476087540477e-07,4.2412449566253256e-05,10.33824805791379,0.039921193911600074,0.9600788060883998
2024-10-30,0.0003911597937610356,1.530059842551759e-07,4.203504000827665e-05,10.292147532019602,0.038934144722079525,0.9610658552779205
2024-10-31,-0.009101388738405523,8.283527696757487e-05,3.9116395328924655e-05,9.928409551831056,0.038249075339419736,0.9617509246605803
2024-11-01,0.006425408940977329,4.1285880058791394e-05,3.66984378583055e-05,9.61665552065425,0.03897701624251782,0.9610229837574822
2024-11-04,-0.005767860258684614,3.3268211963713346e-05,3.9644422319414826e-05,9.995196058353502,0.0389773205491804,0.9610226794508195
2024-11-05,-0.0033580278468794784,1.1276351020418026e-05,3.963681530628901e-05,9.994237068023168,0.0387763719313871,0.9612236280686128
2024-11-06,0.019657775859181176,0.00038642815172980626,3.90682582596471e-05,9.922298665849095,0.03819377168490209,0.961806228315098
2024-11-07,-0.010989478871260004,0.00012076864586187004,3.818275017811562e-05,9.809206412796673,0.04370396932857916,0.9562960306714208
2024-11-08,-0.001963479916102807,3.855253380939086e-06,6.025955383952615e-05,12.32290857207039,0.048718628208876305,0.9512813717911236
2024-11-11,0.007050557996666983,4.971036806436474e-05,6.297214913309459e-05,12.597214605435536,0.04797948079841972,0.9520205192015803
2024-11-12,0.005773051417860168,3.33281226732573e-05,5.8237116532574055e-05,12.114352383106851,0.047955250861048036,0.952044749138952
2024-11-13,0.005482646687570379,3.0059414700726448e-05,5.682158047512061e-05,11.966218400033652,0.04771685549443108,0.9522831445055688
2024-11-14,0.005196816623136294,2.7006903014505716e-05,5.452489526228986e-05,11.721891317572029,0.047471798770165406,0.9525282012298345
2024-11-15,-0.012686521056094751,0.00016094781650673548,5.225827621141426e-05,11.475663643239285,0.04717714142683807,0.952822858573162
2024-11-18,0.0023303998117740333,5.43076328271645e-06,5.0437704390101286e-05,11.273997297456447,0.048390620296480495,0.9516093797035194
2024-11-19,0.0,0.0,5.671644140264267e-05,11.955142505828174,0.047021576651487,0.952978423348513
2024-11-20,0.005030645888295202,2.5307398053421425e-05,5.2610756948257634e-05,11.514300131124308,0.046638191599482105,0.953361808400518
2024-11-21,-0.005806842563746861,3.371942056014222e-05,4.8667591326886816e-05,11.074399764490842,0.04639019433281783,0.9536098056671821
2024-11-22,0.0015517913368753207,2.408056353201295e-06,4.6744756964104115e-05,10.853422849476674,0.04613717914552884,0.9538628208544713
2024-11-25,-0.0035597591067901184,1.2671884898375181e-05,4.546015638808036e-05,10.703251566601736,0.04534776521365235,0.9546522347863478
2024-11-26,-0.007484334178021307,5.6015258088297876e-05,4.237634786589108e-05,10.333847135604705,0.044886306471684546,0.9551136935283154
2024-11-27,-0.013084974805752044,0.00017121656566716575,4.037713527109055e-05,10.08713938057506,0.04507494863880299,0.954925051361197
2024-11-28,0.0030399177520626652,9.241099939305727e-06,4.16626107830942e-05,10.246452028551024,0.04842906339785619,0.9515709366021438
2024-11-29,-0.011814819499507979,0.00013958995980595398,4.9507154832135345e-05,11.16951342615161,0.04690662782648141,0.9530933721735185
2024-12-02,-0.001135718463927491,1.2898564293058197e-06,4.679145587500488e-05,10.858842885179449,0.047685738280500226,0.9523142617194998
2024-12-03,0.0,0.0,5.2108753019423986e-05,11.45923459961216,0.0463347760494753,0.9536652239505247
2024-12-04,0.006595846558351173,4.3505191821313016e-05,4.822122955312868e-05,11.023497560841761,0.046009608871517726,0.9539903911284824
2024-12-05,-0.0032591734593118834,1.0622211637882989e-05,4.478090871196336e-05,10.622988748659564,0.04595660062205555,0.9540433993779445
2024-12-06,-0.0006664445431604477,4.4414832910833783e-07,4.433152378874042e-05,10.569552495144999,0.04533134045105639,0.9546686595489435
2024-12-09,0.00803430502832204,6.45500572881208e-05,4.184027604766664e-05,10.268276176657888,0.04477401596276934,0.9552259840372307
2024-12-10,0.0048819202382242455,2.3833145212383473e-05,3.914568269633563e-05,9.932125673528592,0.04503166857409771,0.9549683314259023
2024-12-11,0.0032851540714616823,1.0792237273241268e-05,4.063578314916384e-05,10.11939590765639,0.044558447449636565,0.9554415525503633
2024-12-12,0.0011800184927668084,1.3924436432716503e-06,3.9379060601151115e-05,9.96168824622116,0.044059232966818726,0.9559407670331813
2024-12-13,0.006660596649463053,4.436354772683845e-05,3.740750082937686e-05,9.709114382374414,0.04350917992233198,0.956490820077668
2024-12-16,0.003248865755665637,1.055512869833685e-05,3.5162736118509985e-05,9.413293526638016,0.04357956236863517,0.9564204376313649
2024-12-17,-0.004486207582640157,2.0126058474538044e-05,3.57553432706589e-05,9.492284500691097,0.04293645408050101,0.957063545919499
2024-12-18,0.00869401440610766,7.558588649360751e-05,3.418400420278259e-05,9.281362539574248,0.042690849042844224,0.9573091509571557
2024-12-19,0.01691047214831654,0.0002859640682789894,3.3521367370336036e-05,9.190965442936166,0.04337075547002644,0.9566292445299736
2024-12-20,-0.0072032183965635025,5.188635526859088e-05,3.7099500456263356e-05,9.669061027306823,0.05117869378742443,0.9488213062125755
2024-12-23,0.005486807180858049,3.010505303991545e-05,5.264190889980299e-05,11.517708558020711,0.05163561979370537,0.9483643802062947
2024-12-24,0.00012724265190862768,1.619069246474019e-08,5.190895544659474e-05,11.437244761104779,0.05150925704777087,0.9484907429522291
2024-12-25,0.0008902455121853958,7.925370719662376e-07,4.980634264576341e-05,11.203213086758808,0.051312844323961056,0.9486871556760389
2024-12-26,0.004186229632425609,1.7524518535398247e-05,4.6053559905718924e-05,10.77288127486847,0.05125377400762815,0.9487462259923718
2024-12-27,-0.0007598303411221466,5.773421472897976e-07,4.279284197746237e-05,10.384505851662137,0.05114452708357323,0.9488554729164267
2024-12-30,-0.006545732119504542,4.2846608980313425e-05,4.0861662484431334e-05,10.147481927097331,0.050746644366257275,0.9492533556337428
2024-12-31,0.002292702570975241,5.256485078956479e-06,3.820342511251317e-05,9.81186176439177,0.05075449317499602,0.9492455068250039
2025-01-01,0.00025442055855348883,6.472982061466924e-08,3.833887339877784e-05,9.82924010109226,0.0501123986148268,0.9498876013851733
2025-01-02,0.001652157712028229,2.7296251054143524e-06,3.6098431342680756e-05,9.537717073993939,0.04975279581587101,0.9502472041841289
2025-01-03,-0.0015249717023178492,2.325538692870199e-06,3.377203504081995e-05,9.225265757844934,0.04943109135365984,0.9505689086463402
2025-01-06,0.0022865863621335794,5.228477191495276e-06,3.1848679725707344e-05,8.958720495069736,0.049055064007039295,0.9509449359929607
2025-01-07,0.0027243657361233856,7.422168664163117e-06,3.0103879492484672e-05,8.709866607535467,0.04871464072508113,0.9512853592749189
2025-01-08,0.0018963343230220112,3.5960838646713495e-06,2.87227427805695e-05,8.507720717503316,0.048388936993458295,0.9516110630065416
2025-01-09,-0.0013270563418678633,1.7610785344917154e-06,2.760508307513469e-05,8.340552100990644,0.04801801394534625,0.9519819860546537
2025-01-10,-0.002596006143398238,6.739247896561392e-06,2.6352856783215614e-05,8.149183952623929,0.04770979900762038,0.9522902009923796
2025-01-13,-0.0015862444238459443,2.516171372182352e-06,2.5123619713361658e-05,7.956853754950595,0.04751772028475446,0.9524822797152455
2025-01-14,0.003043370342912007,9.262103044116348e-06,2.4314302628930014e-05,7.827646046220002,0.04728023698234089,0.9527197630176593
2025-01-15,-0.009477538104482826,8.982372852192391e-05,2.3336556713827007e-05,7.668645442243633,0.04720272270557239,0.9527972772944276
2025-01-16,-0.008407455742199492,7.068531205704322e-05,2.310487557972019e-05,7.630484025335147,0.0475979223981996,0.9524020776018005
2025-01-17,0.00732039485566463,5.3588180842841186e-05,2.7878215433424175e-05,8.38171240810784,0.04966973762120555,0.9503302623787945
2025-01-20,-0.004360099238646951,1.9010465370849725e-05,3.089246672640755e-05,8.823208948593875,0.050133110465268985,0.949866889534731
2025-01-21,-0.0006427974766551276,4.1318859599419925e-07,3.241582953865686e-05,9.038135340733469,0.05006078528204244,0.9499392147179576
2025-01-22,0.0064733441880025135,4.1904184976345924e-05,3.156289700795892e-05,8.918435987327403,0.05032950558727509,0.949670494412725
2025-01-23,-0.0030712161833430277,9.432368844828114e-06,2.9761071639084664e-05,8.660132824067617,0.050145258501413464,0.9498547414985866
2025-01-24,-0.00032046146725142133,1.0269555199293378e-07,3.063328230677192e-05,8.786118108303874,0.05011590536814804,0.949884094631852
2025-01-27,-0.009597188087210272,9.210601918129075e-05,2.9355608857560356e-05,8.60093799076892,0.05051580215389908,0.9494841978461009
2025-01-28,0.006644114104470418,4.414425223322274e-05,2.790104552612371e-05,8.38514369142424,0.04934695495518221,0.9506530450448178
2025-01-29,-0.002059467840804437,4.24140778730769e-06,3.2192646075602075e-05,9.006967753385,0.04966942364670809,0.9503305763532919
2025-01-30,-0.006009516971058261,3.6114294225437254e-05,3.2919252332954025e-05,9.108046765308364,0.04974956817813667,0.9502504318218634
2025-01-31,0.005816224228598979,3.3828464277341794e-05,3.117246955114586e-05,8.863104606676353,0.04966822371674882,0.9503317762832512
2025-02-03,-0.0029685101819521983,8.812052700353873e-06,3.158724737869385e-05,8.921875553621476,0.04965371351635599,0.9503462864836439
2025-02-04,-0.002523701472124183,6.3690691204017676e-06,3.1738115017898736e-05,8.943156592898552,0.04978893466774773,0.9502110653322522
2025-02-05,-0.011272313526673539,0.00012706505224362725,3.0301098511383845e-05,8.738350430641201,0.050174982226637035,0.949825017773363
2025-02-06,-0.007894258482502706,6.231931698856593e-05,2.921451110875756e-05,8.58024288665939,0.04852215075854397,0.9514778492414561
2025-02-07,0.0,0.0,3.558700047816203e-05,9.469912418019941,0.049413513513894836,0.9505864864861051
2025-02-10,0.0038891318259957034,1.5125346359972673e-05,3.7061849459062434e-05,9.66415338438072,0.049411444261476055,0.9505885557385239
2025-02-11,0.00321849928064456,1.0358737619509551e-05,3.4536023208224584e-05,9.3290288071549,0.04976621376761504,0.9502337862323849
2025-02-12,0.012577142753748728,0.00015818451984817413,3.320320136742218e-05,9.147243707582296,0.05004065886094472,0.9499593411390553
2025-02-13,-0.010546286148249488,0.00011122415152075901,3.2143888586089096e-05,9.000144400894051,0.048450072065218994,0.951549927934781
2025-02-14,-0.0032119591050074696,1.0316681292240386e-05,4.029762652547225e-05,10.07720292760794,0.05090546862815521,0.9490945313718449
2025-02-17,-0.005266288255668612,2.7733791991793155e-05,4.4351483291164585e-05,10.571931606557753,0.05059947977861673,0.9494005202213833
2025-02-18,0.0036235504285465144,1.3130117708219627e-05,4.174670559703027e-05,10.256787903847691,0.05076662110831736,0.9492333788916826
2025-02-19,-0.003887594261356548,1.5113389140932362e-05,4.045779917399367e-05,10.09721020472804,0.050919098442419784,0.9490809015575802
2025-02-20,-0.012155176058988732,0.00014774830502501285,3.840074012723167e-05,9.837167535455713,0.05109593329753004,0.94890406670247
2025-02-21,-0.002475662834796884,6.128906471594544e-06,3.7085506785017083e-05,9.667237304330698,0.05053709023512958,0.9494629097648704
2025-02-24,0.0030101363910798266,9.060921092903083e-06,4.374999651164043e-05,10.499999581396844,0.04966851766901966,0.9503314823309803
2025-02-25,-0.004619255075526766,2.1337517452779792e-05,4.08959170817959e-05,10.151734386109876,0.0499089267237986,0.9500910732762015
2025-02-26,0.00046959380999121177,2.205183463820623e-07,3.856178554431806e-05,9.85777356058058,0.04999769003959445,0.9500023099604055
2025-02-27,0.004750602758597799,2.2568226569997015e-05,3.7174559206929386e-05,9.678837182299434,0.050000918048594405,0.9499990819514056
2025-02-28,0.005458674185433288,2.979712386271577e-05,3.468145990913818e-05,9.348651184584234,0.05006008364536744,0.9499399163546326
2025-03-03,-0.007530105883982661,5.670249462399029e-05,3.386323054330051e-05,9.237712972869275,0.050041032753842515,0.9499589672461575
2025-03-04,0.0019379203498864745,3.7555352825041156e-06,3.3660690054671254e-05,9.210045544826125,0.05017943288701436,0.9498205671129857
2025-03-05,-0.006093700846632213,3.713319000824615e-05,3.4996261881776256e-05,9.39098397091999,0.049761433357610095,0.9502385666423899
2025-03-06,-0.00606348283659052,3.676582410962782e-05,3.298736763264738e-05,9.117464912697574,0.04975458856366952,0.9502454114363306
2025-03-07,0.0004053780205503978,1.6433133954535873e-07,3.3268078564246384e-05,9.156175947517658,0.049780053983074134,0.9502199460169259
2025-03-10,-0.00521487077988434,2.7194877250891508e-05,3.338523940556939e-05,9.172284519247912,0.04952726431629347,0.9504727356837066
2025-03-11,0.0034570446224306208,1.1951157521476473e-05,3.128416729823053e-05,8.878969624429455,0.04955078182812779,0.9504492181718722
2025-03-12,0.0031753565173333422,1.0082889012171333e-05,3.104170046258026e-05,8.84449462466354,0.049430813407332075,0.9505691865926679
2025-03-13,-0.0029723726538533877,8.834999193375431e-06,2.9864549077673693e-05,8.675175138044057,0.04942398917215391,0.9505760108278462
2025-03-14,0.005599609841546982,3.1355630377549816e-05,2.868665680573855e-05,8.50237467713939,0.049428212198926846,0.9505717878010732
2025-03-17,0.0038274345868020893,1.464925551624888e-05,2.7616845279038416e-05,8.3423288177329,0.049426014575589636,0.9505739854244103
2025-03-18,0.0004020369928180096,1.616337435941483e-07,2.8010880401584577e-05,8.401631901719638,0.0493135559099439,0.9506864440900561
2025-03-19,-0.0038931449360164786,1.515657749283075e-05,2.7273848249148613e-05,8.290361728408147,0.04933757842088644,0.9506624215791135
2025-03-20,0.0006051030540635503,3.661497060370358e-07,2.5749461200109238e-05,8.055348671800326,0.04943652578125841,0.9505634742187415
2025-03-21,0.0036229492831876538,1.3125761508549934e-05,2.527179056890326e-05,7.980282716397722,0.049477581108414936,0.9505224188915851
2025-03-24,0.009199451586066571,8.462990948438275e-05,2.3953593125203865e-05,7.769366426904689,0.04961286915551349,0.9503871308444866
2025-03-25,-0.005255991608226367,2.7625447785745987e-05,2.377588198877531e-05,7.740492401114659,0.049261074169596616,0.9507389258304033
2025-03-26,0.004392978310728643,1.929825843853228e-05,2.7907095530338494e-05,8.386052750636201,0.049332090015918754,0.9506679099840812
2025-03-27,0.003182815497729203,1.0130314492585195e-05,2.801918262659546e-05,8.40287690133686,0.04938268089297104,0.9506173191070291
2025-03-28,-0.008042849696847952,6.468743124608719e-05,2.7569030789898124e-05,8.33510393399766,0.049567864073258264,0.9504321359267417
2025-03-31,0.0008005337318781774,6.408542558748016e-07,2.675212393654002e-05,8.21068525277159,0.048970617364817184,0.9510293826351829
2025-04-01,-0.002336683641570393,5.460090440782673e-06,2.92359230848479e-05,8.583386637791444,0.048716940993669855,0.9512830590063303
2025-04-02,-0.0022081711271072085,4.87601972658992e-06,2.746975162152058e-05,8.320082576887797,0.049195459455596544,0.9508045405444034
2025-04-03,-0.02180624090706999,0.00047551214249717263,2.61846037868496e-05,8.123127571499847,0.049620670306703335,0.9503793296932967
2025-04-04,0.005938786695891246,3.5269187419294864e-05,2.6169405773520084e-05,8.12076982491627,0.04086695030946244,0.9591330496905375
2025-04-07,0.00617432500551897,3.812228927377683e-05,5.4687628038184616e-05,11.73937062436591,0.04088783979514073,0.9591121602048592
2025-04-08,-0.01067637899437702,0.00011398506843157487,5.251120866745001e-05,11.50340149007997,0.041003269568777236,0.9589967304312228
2025-04-09,0.01013510699198735,0.00010272039373903086,5.093751925177483e-05,11.329719701496265,0.04063484409560325,0.9593651559043969
2025-04-10,-0.022655908978740293,0.000513290211652965,5.428616176125078e-05,11.696201419193839,0.040836236304488495,0.9591637636955116
2025-04-11,-0.006319684910318388,3.9938417365705936e-05,5.7625878876914474e-05,12.050610555894025,0.0422061753061718,0.9577938246938282
2025-04-14,-0.0033496193216880008,1.1219949600225583e-05,8.524521578830301e-05,14.656668918499987,0.04144851089228802,0.958551489107712
2025-04-15,0.0010479618103733834,1.0982239560010592e-06,8.01499053392595e-05,14.211888032732805,0.04166229511858834,0.9583377048814116
2025-04-16,-0.009330454585190223,8.705738276629726e-05,7.37770813854807e-05,13.635184087184571,0.04186611783294324,0.9581338821670567
2025-04-17,0.0038690210410737267,1.4969323816271223e-05,6.766845575242895e-05,13.05850330229774,0.041846727393225404,0.9581532726067745
2025-04-18,-0.0017567904451577967,3.0863126681977295e-06,6.743868740125591e-05,13.036314366076207,0.04155121189592054,0.9584487881040794
2025-04-21,-0.00932737118407274,8.699985320547052e-05,6.268091121095561e-05,12.568050614618329,0.04140348151126385,0.9585965184887362
2025-04-22,0.005027805089141313,2.5278824014395286e-05,5.789359190360717e-05,12.078569931787873,0.04148285874224287,0.958517141257757
2025-04-23,0.013192248020967825,0.0001740354078467295,5.8739747985987785e-05,12.166518192346125,0.041072763362896725,0.9589272366371033
2025-04-24,-0.005732677892042817,3.2863595813916474e-05,5.600197701864635e-05,11.879603616576977,0.04188514687621319,0.9581148531237867
2025-04-25,0.007265138487296701,5.27822372395998e-05,6.255174501283352e-05,12.555094481219186,0.04134317918593195,0.958656820814068
2025-04-28,-0.011621525365705977,0.00013505985182574743,5.9595185303634376e-05,12.254789552055092,0.04125692588710177,0.9587430741128983
2025-04-29,0.002250827425612323,5.066224099888598e-06,5.84236305562922e-05,12.133735986985062,0.04195323166177367,0.9580467683382262
2025-04-30,0.005185715895708665,2.689164935100552e-05,6.221875254535861e-05,12.521631539631874,0.04104564461688019,0.9589543553831197
2025-05-01,0.016085765965091627,0.00025875186668370017,5.7503585485351724e-05,12.037816887753625,0.040809876109529034,0.959190123890471
2025-05-02,-0.002961944648664924,8.77311610175478e-06,5.5276885932299415e-05,11.802446888225957,0.042788996558055035,0.957211003441945
2025-05-05,-0.008730049209690043,7.621375920360975e-05,6.719492000558546e-05,13.012732165616697,0.04140446530846081,0.9585955346915392
2025-05-06,-0.00873673214106191,7.63304885046642e-05,6.233769038224905e-05,12.533594048127918,0.04143950726718747,0.9585604927328126
2025-05-07,0.009640985671880833,9.294860472541153e-05,6.224267281522719e-05,12.524038306168364,0.04154226136748999,0.95845773863251
2025-05-08,0.014357946660133085,0.0002061506322952268,6.221648807578874e-05,12.52140367335019,0.0418394978863953,0.9581605021136046
2025-05-09,-0.0037077768376974577,1.3747609078165759e-05,6.356176260724407e-05,12.656051586899252,0.0436265714649301,0.9563734285350698
2025-05-12,0.021033345251167318,0.0004424016124548028,7.135042531207225e-05,13.409066775373374,0.04259646734548433,0.9574035326545157
2025-05-13,-0.006622988323457198,4.386397433265039e-05,6.743056286835533e-05,13.03552908125541,0.04484796312174,0.9551520368782599
2025-05-14,-0.004962114657737833,2.462258187653665e-05,8.971966469789315e-05,15.036407650721989,0.04393349650124085,0.9560665034987592
2025-05-15,-0.0073866692473495135,5.456288256973903e-05,8.465072149161297e-05,14.60547219910622,0.04366015652372327,0.9563398434762767
2025-05-16,0.0002059237403028467,4.240458682031425e-08,7.89993662617416e-05,14.109514625939083,0.04349581901990915,0.9565041809800908
2025-05-19,-0.005781954433978985,3.343099707660925e-05,7.568649198024014e-05,13.810501793570179,0.04285319281225766,0.9571468071877423
2025-05-20,-0.0024190494569410795,5.851800275126932e-06,6.939451950091163e-05,13.22400049691081,0.042537646523342715,0.9574623534766572
2025-05-21,-0.005760104756349488,3.317880680411999e-05,6.579279193157171e-05,12.876250838950007,0.041824212617492224,0.9581757873825077
2025-05-22,0.002294137055401636,5.2630648289668885e-06,6.091111655141407e-05,12.389350818729909,0.04142865974401992,0.95857134025598
2025-05-23,-0.010119777886791963,0.0001024099044780036,5.818875706890161e-05,12.109321525735124,0.04057324706214565,0.9594267529378543
2025-05-26,0.002032164954282883,4.129694401415553e-06,5.425337615949395e-05,11.69266898197006,0.041104264154556126,0.9588957358454439
2025-05-27,0.010307215702690086,0.0001062386955417811,5.658364520985297e-05,11.941138384962695,0.03988416030569244,0.9601158396943075
2025-05-28,0.0035273405179684406,1.2442131129701866e-05,5.2752692280069633e-05,11.52982153139308,0.04048881021442543,0.9595111897855746
2025-05-29,-0.004359114323461413,1.9001877685006453e-05,5.550860002056285e-05,11.827158240753286,0.039457033416120176,0.9605429665838799
2025-05-30,-0.0013183917532582244,1.7381568150592947e-06,5.208774057468505e-05,11.45692394354638,0.03889216979578846,0.9611078302042116
2025-06-02,-0.009137579708420995,8.349536292774713e-05,4.9395328678582964e-05,11.15689151466613,0.03802697863364456,0.9619730213663554
2025-06-03,0.008790345425963915,7.727017270776473e-05,4.6097631348338385e-05,10.778034653767483,0.038488113199926,0.9615118868000739
2025-06-04,-0.008370000737135008,7.005691233964058e-05,4.829296679870175e-05,11.031694173277668,0.03907630216555805,0.9609236978344419
2025-06-05,0.005309128782160149,2.8186848425561307e-05,4.984237220171629e-05,11.207264516746495,0.039402059207467706,0.9605979407925322
2025-06-06,0.009154651632070493,8.380764650457094e-05,5.066443977290548e-05,11.299309192500303,0.03889374252781354,0.9611062574721865
2025-06-09,-0.0019349048950083546,3.7438569527272917e-06,4.8899939443523794e-05,11.100803907721277,0.03931086041713702,0.960689139582863
2025-06-10,0.002072969233209173,4.297201441831827e-06,5.0625601093491575e-05,11.294977412797195,0.03833041688650301,0.961669583113497
2025-06-11,-0.0021421422695872055,4.588773503152224e-06,4.7123945542683195e-05,10.897354851869405,0.03774479311021626,0.9622552068897836
2025-06-12,-0.007498993619891266,5.6234905311169906e-05,4.402245324152995e-05,10.53264364576413,0.037121246829746095,0.962878753170254
2025-06-13,0.004103639909299735,1.683986050519754e-05,4.1383111525783285e-05,10.212024336289739,0.03724888834546507,0.962751111654535
2025-06-16,0.004708823879723169,2.217302233025116e-05,4.218552505421448e-05,10.310553968464571,0.03661654383354166,0.9633834561664584
2025-06-17,0.0037236286301427406,1.3865410175218703e-05,4.0423613808162096e-05,10.092943415900463,0.036237895175600644,0.9637621048243994
2025-06-18,-0.0011018526009759877,1.2140791542775491e-06,3.916025898909235e-05,9.933974665385085,0.035719450211647484,0.9642805497883525
2025-06-19,0.002202492458939183,4.850973031683969e-06,3.747110152595889e-05,9.717364655369089,0.035044937148477937,0.964955062851522
2025-06-20,0.004390485203212057,1.9276360319624018e-05,3.5161237281416904e-05,9.413092900273035,0.034499727152532446,0.9655002728474676
2025-06-23,0.00041062141283231934,1.6860994467641003e-07,3.3348917571832e-05,9.167293618130525,0.034181323682858485,0.9658186763171415
2025-06-24,-0.008313627876119686,6.911640846259432e-05,3.25931042822906e-05,9.062815389898017,0.03347542274630175,0.9665245772536982
2025-06-25,0.002067682864999858,4.2753124302140215e-06,3.084552519600691e-05,8.816502906137865,0.03402278872587896,0.9659772112741211
2025-06-26,-0.005661825523099546,3.2056268254021446e-05,3.35061279511993e-05,9.188876015978355,0.03319624513783662,0.9668037548621634
2025-06-27,0.0015913103991086145,2.532268786311218e-06,3.182827627153812e-05,8.95585038978857,0.033155631427437736,0.9668443685725623
2025-06-30,-0.00429542021118542,1.84506347906602e-05,3.202216828541591e-05,8.983087669573758,0.032623084572249196,0.9673769154277508
2025-07-01,-0.004244222756529934,1.8013426807046552e-05,3.0347785871522323e-05,8.745079782153864,0.03246951839557429,0.9675304816044257
2025-07-02,0.0016720081922267222,2.7956113948732715e-06,2.985182931531855e-05,8.67332749725287,0.03228191762133933,0.9677180823786607
2025-07-03,0.008801470587769613,7.746588450737357e-05,2.93433181102287e-05,8.599137261247568,0.03193627564013175,0.9680637243598683
2025-07-04,-0.003178993693135059,1.0106000900992483e-05,2.8060662344043167e-05,8.40909442847378,0.03231125813890681,0.9676887418610932
2025-07-07,0.01087715529245999,0.00011831250725629036,3.151507608884045e-05,8.911677268835419,0.031846441736003595,0.9681535582639964
2025-07-08,0.003622325663954082,1.312124321574038e-05,3.0532466587746756e-05,8.77164840843053,0.03220710909630616,0.9677928909036939
2025-07-09,-0.0017070093933689305,2.913881069049764e-06,3.631543893336331e-05,9.566342358084178,0.031747784497179146,0.9682522155028208
2025-07-10,-0.0004784852615301065,2.2894814550153442e-07,3.478617296262747e-05,9.362753647609297,0.03174000174528846,0.9682599982547117
2025-07-11,0.007967627018923245,6.348308031267571e-05,3.27599525605881e-05,9.0859826355041,0.031778486761478646,0.9682215132385213
2025-07-14,0.00196510312263395,3.861630282585701e-06,3.089183534396639e-05,8.823118783445869,0.031737050589318666,0.9682629494106813
2025-07-15,0.007822022349632743,6.118403363815413e-05,3.3120451302450415e-05,9.135838072239189,0.031430065179953184,0.9685699348200468
2025-07-16,-0.006739478265564196,4.542056729201218e-05,3.142929154774717e-05,8.899540139823117,0.03136491856191906,0.9686350814380809
2025-07-17,0.0047223996552291205,2.2301058503708116e-05,3.352495311356074e-05,9.191457003444723,0.03147318571683284,0.9685268142831672
2025-07-18,0.001546790718298733,2.39256152621511e-06,3.4350125053207476e-05,9.303887098094153,0.03142947948825876,0.9685705205117413
2025-07-21,-0.009656039103105746,9.323909116070722e-05,3.357777389701661e-05,9.198695028126645,0.03145718076141109,0.9685428192385889
2025-07-22,-0.005101878349865428,2.6029162696825583e-05,3.1787773589715085e-05,8.950150247123341,0.031189096920113433,0.9688109030798866
2025-07-23,-0.0008187214757662609,6.703048548808842e-07,3.583099218554271e-05,9.502320785343317,0.031098767256704685,0.9689012327432953
2025-07-24,0.0034069261626531234,1.1607145877770337e-05,3.512558243902911e-05,9.408319071245053,0.031154294051218525,0.9688457059487815
2025-07-25,0.004614870762344063,2.1297032153138072e-05,3.2899528456877194e-05,9.105317771024279,0.03128146642035443,0.9687185335796455
2025-07-28,0.005671475603222514,3.216563551794818e-05,3.16174740301479e-05,8.926143319260156,0.03131817419884643,0.9686818258011537
2025-07-29,-0.00047139635204039495,2.2221452071699196e-07,3.1102334608228035e-05,8.85312844212342,0.03131720003175848,0.9686827999682415
2025-07-30,0.0070477185364353784,4.9670336568814835e-05,3.126774809854854e-05,8.87663929696044,0.03129794880823817,0.9687020511917619
2025-07-31,0.008259555381458538,6.82202550993807e-05,2.9473498896976168e-05,8.61819106427677,0.031169125647176266,0.9688308743528237
2025-08-01,-0.022472855852058514,0.0005050292501474006,3.104151001414629e-05,8.844467493051726,0.03133263651203021,0.9686673634879699
2025-08-04,-0.0021053354239846836,4.432437247484767e-06,3.45229711128768e-05,9.327265794671531,0.03432004028457983,0.9656799597154201
2025-08-05,0.003596760010654613,1.2936682574244172e-05,6.429639207370702e-05,12.728979064549586,0.03246637450346782,0.9675336254965322
2025-08-06,-0.0016949731167346823,2.8729338664532828e-06,5.922470213110621e-05,12.216638218854959,0.03275561737861153,0.9672443826213886
2025-08-07,-0.0015619167210533518,2.4395838435060537e-06,5.52159482617626e-05,11.795939539504335,0.03299298224421972,0.9670070177557802
2025-08-08,0.004069457596473451,1.6560485129495475e-05,5.099619400942332e-05,11.33624315652001,0.03319441313415622,0.9668055868658437
2025-08-11,0.002771301918982574,7.680114326156497e-06,4.722572694059109e-05,10.909116916152726,0.03328768626309732,0.9667123137369026
2025-08-12,-0.0020946661262002285,4.387626180250672e-06,4.473251446162981e-05,10.617247121702835,0.03329776684899606,0.9667022331510039
2025-08-13,-0.003116322554520795,9.711466263815014e-06,4.193273621773355e-05,10.27961552144284,0.03329998413486498,0.966700015865135
2025-08-14,0.002575050552131294,6.630885346031682e-06,3.9229005309125284e-05,9.942690449722132,0.033277561279409396,0.9667224387205905
2025-08-15,-0.0038650666864892217,1.4938740491008771e-05,3.713977362208919e-05,9.674307702759137,0.033196928836476236,0.9668030711635237
2025-08-18,0.0047444849741822654,2.2510137670241292e-05,3.508902164215875e-05,9.403421427238069,0.03313174860113731,0.9668682513988627
2025-08-19,-0.0014886996929951535,2.2162267759238642e-06,3.379290186194468e-05,9.228115338036288,0.03306609469012579,0.9669339053098742
2025-08-20,-0.00196576914682923,3.864248338625718e-06,3.3069513231066876e-05,9.128810072637537,0.03285714553606224,0.9671428544639378
